type,name,label,label::Dari,label::pash,hint::English,hint::Dari,hint::pash,required,relevant,read_only,appearance,constraint,constraint_message::English,constraint_message::Dari,constraint_message::pash,calculation,choice_filter,repeat_count
start,start,,,,,,,,,,,,,,,,,
end,end,,,,,,,,,,,,,,,,,
today,date,,,,,,,,,,,,,,,,,
audit,audit,,,,,,,,,,,,,,,,,
deviceid,deviceid,,,,,,,,,,,,,,,,,
integer,enumerator_id,Enumerator ID,?? ???? ?????  ,? ???? ?????? ???,,,,TRUE,,,,,,,,,,
select_one province_list,province,In which province is this settlement located?, ?? ???? ????? ??? ???? ??? ???? ?????? ?????,?? ??? ???? ????????? (ISET) ?? ??? ????? ?? ?????? ???? ,"Enter before you call the KI, using the KI information forms provided","??? ??????? ?? ??? ?? ???? ?? ??? ?????/???? ????? ? ?? ??????? ?? ???????/???? ????? ???? ???? ????",?? ???? ???? ??? ??? ?? ????? ???/???? ???????? ?? ??? ???? ?? ???? ??? ?? ??????? ??? ??? ???,TRUE,,,,,,,,,,
select_one district_list,district,In which district is this settlement located?, ?? ???? ??????? ??? ???? ??? ???? ?????? ?????,?? ??? ???? ????????? (ISET) ?? ???? ??????? ?? ?????? ???? ,"Enter before you call the KI, using the KI information forms provided","??? ??????? ?? ??? ?? ???? ?? ??? ?????/???? ????? ? ?? ??????? ?? ???????/???? ????? ???? ???? ????",?? ???? ???? ??? ??? ?? ????? ???/???? ???????? ?? ??? ???? ?? ???? ??? ?? ??????? ??? ??? ???,TRUE,,,,,,,,,province=${province},
text,village,In which village is this settlement located?, ?? ???? ???? ??? ???? ??? ???? ?????? ?????,?? ??? ???? ????????? (ISET) ?? ??? ??? ?? ?????? ???? ,"Enter before you call the KI, using the KI information forms provided","??? ??????? ?? ??? ?? ???? ?? ??? ?????/???? ????? ? ?? ??????? ?? ???????/???? ????? ???? ???? ????",?? ???? ???? ??? ??? ?? ????? ???/???? ???????? ?? ??? ???? ?? ???? ??? ?? ??????? ??? ??? ???,TRUE,,,,,,,,,district=${district},
text,settlement_name,What is the name of this settlement?,??? ??? ???? ??? ???? ?????,??? ??? ???? ????????? ??? ?? ???,"Enter before you call the KI, using the KI information forms provided","??? ??????? ?? ??? ?? ???? ?? ??? ?????/???? ????? ? ?? ??????? ?? ???????/???? ????? ???? ???? ????",?? ???? ???? ??? ??? ?? ????? ???/???? ???????? ?? ??? ???? ?? ???? ??? ?? ??????? ??? ??? ???,TRUE,,,,,,,,,,
text,iset_code,What is this settlement's ISET code provided on the KI information form?,"?? ??? ???? ??? ???? ????? ? ??? ??????? ????? ????? ????? ????",??? ??? ???? ???????? ??? ???? ??? ?? ???? ?? ?? ???? ?? ??? ????,"An ISET code is a set of three letters, followed by three numbers. For example AAA_000

Enter before you call the KI, using the KI information forms provided","?? ???? ??? ???? ????? ???? ???? ? ?? ??? ??? ?? ??? ???? AAA_000 ?? ?? ???? ??????? ????? ???
??? ??????? ?? ??? ?? ???? ?? ??? ?????/???? ????? ? ?? ??????? ?? ???????/???? ????? ???? ???? ????
","? ??? ???? ???????? ??? ?? ? ????? ?? ? ?????? ??? ????? ??? ? ????? ?? ??? AAA_000
?? ???? ???? ??? ??? ?? ????? ???/???? ???????? ?? ??? ???? ?? ???? ??? ?? ??????? ??? ??? ??? 
",TRUE,,,,,,,,,,
select_one location,location,Where is this settlement located?,??? ???? ??? ???? ?? ??? ??????? ?????,?? ??? ???? ???????? ??? ?? ??????? ????,"Enter before you call the KI, using the KI information forms provided","??? ??????? ?? ??? ?? ???? ?? ??? ?????/???? ????? ? ?? ??????? ?? ???????/???? ????? ???? ???? ????",?? ???? ???? ??? ??? ?? ????? ???/???? ???????? ?? ??? ???? ?? ???? ??? ?? ??????? ??? ??? ???,TRUE,,,,,,,,,,
note,intro,"My name is [[name]] and I work for ACTED. On behalf of OFDA, we are conducting an assessment of informal settlements across Afghanistan so that the humanitarian community can better understand these settlements, their service access, and each community's needs, especially in relation to the covid-19 emergency. The questions are specifically about settlement demographics, key infrastructure available, the quality of these infrastructure, and how access and quality of infrastructure has changed in the last 30 days. Any information that you provide will be confidential. This is voluntary and you can choose not to answer any or all of the questions; however we hope that you will participate since your views about and knowledge of your community are important. Participation in the survey does not have any impact on whether you or your settlement receive assistance. Do you have any questions? ","??? ?? (? ??? )???? ? ?? ???? ACTED ??? ?????. ?? ???????? ?? OFDA. ?? ??????? ????? ??? ???? ?? ?? ????? ????????? ????? ?????? ???? ??? ???? ????? ???? ?? ??? ??? ?? ????: ?????? ?? ????? ? ???? ??? ?????. ????? ?? ?????? ?? ????? ????? ??? ??????? ????? ????? ??. ?????? ?? ?? ??? ??? ?? ???? ????? ??? ?????? ??????? ??? ????? ????? ???? ?????? ????? ? ????? ?????? ?? ?? ?? 30 ??? ????? ???. ?? ??????? ?? ??? ????? ?????? ????? ???? ???? ??????. ??? ????? ??????? ? ????????? ???? ? ??? ????????? ?? ??? ???? ?????? ?????? ???????? ?? ?? ?? ??? ?????? ???? ?????. ??? ???? ????? ?? ?? ??? ???? ?????? ?????? ??? ??? ? ???? ??? ?? ???? ????? ??? ???? ?? ??? ? ??????? ???. ???? ?? ??? ???? ??? ?????? ????? ?????? ??? ?? ??? ?? ???? ??? ?????? ????. 
??? ???? ????? ??????","??? ??? (   ) ?? ?? ?? ?? ????? (ACTED) ???? ?? ??? ???. ? ????? ?? ?????????? ???? ?? ??? ????????? ??  ? ??? ???? ???????????? ??? ?????? ????? ??? ?? ?? ???? ????? ?????? ?? ?? ??? ?????????? ??????? ?? ? ??????? ?? ? ??? ????? ??????? ?? ?? ?????? ??? ? ???? 19 ????? ???? ?? ??? ?? ??? ??. ?????? ?? ?????? ??? ? ????????? ? ???? ?? ??? ??? ? ??? ???? ????????? ? ?? ???????? ?????? ?? ???? ?????? ?? ????? ? ???????? ?? ???? 30 ???? ?? ???? ???. ??? ??? ??????? ?? ???? ?? ???? ?? ?? ??? ???? ??? ?? ???? ??.
 ?? ????  ????????? ?? ?? ???? ???? ?? ??? ??? ?? ???? ?????? ?? ???? ??? ????? ?? ?????? ??? ???? ??? ?? ???? ?? ??? ?? ???? ???? ??? ?? ????? ? ????? ?? ??? ????? ???? ?? ?????? ??? ??. ?? ???? ?? ???? ?????? ??? ???? ??? ?? ???? ?? ?? ?? ????? ???????? (???) ????? ?????? ???.  ??? ???? ???? ?????? ????",,,,FALSE,,yes,,,,,,,,
select_one yesno,consent,Do you consent to participate in this survey?,??? ???????? ???? ???? ?????? ?????,??? ???? ????? ??? ???? ?? ???? ????? ,,,,TRUE,,,,,,,,,,
begin group,ki_info,Key Informant Information,??????? ??? ?????,? ????? ??? ???????,,,,,"(selected(${consent},'yes'))",,,,,,,,,
select_one gender,ki_gender,What is the gender of the KI?,????? ??? ????? ?? ???????,? ????? ??? ????? ?? ?? ???,,,,TRUE,,,,,,,,,,
select_one agerange,ki_age,How old are you?,??? ??? ??????,???? ?? ??? ?????,"Read options, select one",????? ?? ?? ??????? ? ???? ?????? ?? ?????? ???? ?????? ????,??? ??????? ????? ?? ??? ??????? ??? ?? ??? ???,TRUE,,,,,,,,,,
end group,,,,,,,,,,,,,,,,,,
begin group,popn_types,Population Types,????? ????,? ???? ??????,,,,,"(selected(${consent},'yes'))",,,,,,,,,
note,popn_note,First I will ask about the population groups living in this settlement. Please do your best to estimate their size. ,"?? ??? ?? ?? ???? ???? ??? ???? ?????? ??? ?? ???? ???? ??? ???? ????? ??????  ??? ????? ??? ?? ??????? ?? ????? ???? ?? ??????","?? ??? ?? ?? ?? ????? ?? ? ??? ??? ?? ??? ?????? ???? ?? ??? ??? ???? ???????? ?? ???? ???? ?? ??????? ??? ? ??? ????? ???? ?? ?? ???????",,,,FALSE,,yes,,,,,,,,
select_one population,iset_population,"Is the population living in the settlement made up of only migrants (e.g. IDPs, returnees, refugees, etc), or is it sharing the same space with the host community? ","??? ???? ??? ???? ??? ???? ???? ????? ??????? ???(???? ??????? ??? ?????? ???? ????? ???? ??????? ? ????) ??? ? ?? ?? ?? ???? ?????? ?? ?? (?? ?? ???? ?????) ????? ???????","??? ??? ??? ???? ???????? ? ??? ????? ?????? ??? ??? ?? (? ????? ?? ??? ????? ?????? ???? ?? ????? ???? ??????? ?? ????) ?? ?? ? ????? ????? ??? ????? ???? ???",,,,TRUE,,,,,,,,,,
select_multiple migrant,migrant_population,Which migrant populations are living in this site? ,???? ??? ????? ??????? ???? ????? ????? ???????,??? ??? ????? (?????? ???) ???? ??? ??? ?? ????? ????,"Read options, select all that apply",????? ?? ?? ??????? ? ???? ?????? ?? ?????? ???? ?????? ????,"??????? ?????? ??? ??? ?????? ??? ?? ???? ????",TRUE,,,,,,,,,,
integer,idp_hhs,How many IDP households are living in the settlement?,?? ?? ????? ????? ??? ????? ??? ????? ???? ????? ????? ???????,? ????? ?????? ??? ???? ????? ????? ??? ???????? (???) (???) ?? ????? ????,"For this assessment, an IDP is an Afghan National who has been forced to leave their homes in the last 6 months. ",???? ??????? ????? ??? ????? ?? ???? ???? ????? ?? ?????? ????? ????? ? ??? ?? ??????? ???? ??? ?? ?? 6 ??? ???? ??? ????,"??? ?????? ?????? ?? ????? ?????? ??? ???? ?? ????? ???? ?? ??? ?? ?? ???? ??? ? ???? ?????? ???????? ?? ?? ??????? 6 ?????? ?? ?? ??? ?? ",TRUE,"selected(${migrant_population}, 'idp')",,,,,,,,,
calculate,idp_hhs_coalesce,,,,,,,,,,,,,,,"coalesce(${idp_hhs},0)",,
integer,idp_indvl,How many IDP individuals are living in the settlement?,?? ?? ????? ????? ????? ??? ????? ???? ??? ????? ???????,????? ????? ?????? ??? ????? ??? ???????? ?? ???? ????,"For this assessment, an IDP is an Afghan National who has been forced to leave their homes in the last 6 months. ",???? ??????? ????? ??? ????? ?? ???? ???? ????? ?? ?????? ????? ????? ? ??? ?? ??????? ???? ??? ?? ?? 6 ??? ???? ??? ????,"??? ?????? ?????? ?? ????? ?????? ??? ???? ?? ????? ???? ?? ??? ?? ?? ???? ??? ? ???? ?????? ???????? ?? ?? ??????? 6 ?????? ?? ?? ??? ?? ",TRUE,"selected(${migrant_population}, 'idp')",,,.>=${idp_hhs},IDP individuals must be equal to or larger than the number of IDP households reported,???? ????? ??????? ??? ????? ? ??? ???? ???? ????? ?? ????? ??????? ??? ????????? ????? ?? ??? ???? ????,? ???????? ? ?????? ????? ?????? ??? ?????? ???? ???? ? ??????? ? ?????? ????? ?????? ??? ?????? ?? ???? ??? ???? ??,,,
calculate,idp_indvl_coalesce,,,,,,,,,,,,,,,"coalesce(${idp_indvl},0)",,
integer,prolonged_hhs,How many PROLONGED IDP households are living in the settlement?,????? ??????? ??? ??????? ??? ????? ???? ??? ??? ???? (??????? ??? ????? ?? ????? ?? 6 ??? ? ???? ?? 2 ??? ????? ?? ???? ??? ????? ?????),??? ??? ?? ?? ???? ????? ????? ?????? ??? ????? ???? ???? (??? ????? ?????? ??? ????? ?? ? ???? ?? ?? 6 ?????? ???? ?? ?? 2 ????? ?? ??? ????),"For this assessment, a prolonged IDP is an Afghan National who was forced to leave their homes between 6 months and 2 years ago.",???? ??????? ????? ??????? ??? ????? ???? ??? ?? ????? ???? ????? ?? ?????? ????????? ????? ???? ? ??? ?? ??????? ?? ???? ????? ?? 6 ??? ? ???? ?? 2 ??? ??????? ????,??? ?????? ?? ????????? ????? ?????? ??? ??? ??? ???? ??? ???? ?? ? ????????? ?????? ???? ?? ?? ???? ??? ?? 6 ?????? ???? ?? ?? 2 ????? ?? ?? ??? ?? ? ?????? ?????? ???????? ?? ?? ??? ?? ,TRUE,"selected(${migrant_population}, 'prolong')",,,,,,,,,
calculate,prolonged_hhs_coalesce,,,,,,,,,,,,,,,"coalesce(${prolonged_hhs},0)",,
integer,prolonged_indvl,How many PROLONGED IDP individuals are living in the settlement?,????? ????? ??????? ??? ????? ???? ??? ??? ???? (??????? ??? ????? ?? ????? ?? 6 ??? ? ???? ?? 2 ??? ????? ?? ???? ??? ????? ?????),??? ??? ?? ?? ??? ???? ????? ????? ?????? ??? ??? (???) ???? ???? (??? ????? ?????? ??? ??? ?? ? ???? ?? ?? 6 ?????? ???? ?? ?? 2 ????? ?? ??? ????),"For this assessment, a prolonged IDP is an Afghan National who was forced to leave their homes between 6 months and 2 years ago.",???? ??????? ????? ??????? ??? ????? ???? ??? ?? ????? ???? ????? ?? ?????? ????????? ????? ???? ? ??? ?? ??????? ?? ???? ????? ?? 6 ??? ? ???? ?? 2 ??? ??????? ????,??? ?????? ?? ????????? ????? ?????? ??? ??? ??? ???? ??? ???? ?? ? ????????? ?????? ???? ?? ?? ???? ??? ?? 6 ?????? ???? ?? ?? 2 ????? ?? ?? ??? ?? ? ?????? ?????? ???????? ?? ?? ??? ?? ,TRUE,"selected(${migrant_population}, 'prolong')",,,.>=${prolonged_hhs},Prolonged IDP individuals must be equal to or larger than the number of prolonged IDP households reported,???? ????? ??????? ??? ????? ???? ???  ???? ????? ?? ????? ??????? ??? ????????? ????? ???? ??? ????,? ???? ????? ????? ?????? ??? ?????? ???? ???? ? ???? ????? ????? ?????? ??? ?????? ?? ???? ??? ???? ??,,,
calculate,prolonged_indvl_coalesce,,,,,,,,,,,,,,,"coalesce(${prolonged_indvl},0)",,
integer,protracted_hhs,How many PROTRACTED IDP households are living in the settlement?,????? ??????? ??? ??????? ??? ????? ???? ??? ??? ???? (??????? ??? ????? ?? ????? ?? 2 ??? ????? ?? ???? ??? ????? ?????),??? ??? ?? ?? ??? ???? ????? ????? ?????? ??? ????? ???? ???? (??? ????? ?????? ??? ??? ?? ? ???? ?? ?? 2 ????? ???? ??? ????),"For this assessment, a protracted IDP is an Afghan National who was forced to leave their homes a minimum of 2 years ago, and have since restablished their lives in new locations. They are now considered part of the host community.",???? ??????? ????? ??????? ??? ????? ???? ??? ?? ????? ???? ????? ?? ?????? ????????? ????? ???? ? ??? ?? ??????? ?? ???? ????? ?? 2 ??? ??????? ????,??? ?????? ?? ??? ????????? ????? ?????? ??? ??? ??? ???? ??? ???? ?? ? ????????? ?????? ???? ?? ?? ???? ??? ?? 2 ????? ?? ???? ??? ?? ? ?????? ?????? ???????? ?? ?? ??? ?? ,TRUE,"selected(${migrant_population}, 'protract')",,,,,,,,,
calculate,protracted_hhs_coalesce,,,,,,,,,,,,,,,"coalesce(${protracted_hhs},0)",,
integer,protracted_indvl,"How many PROTRACTED IDP individuals are living in the settlement?

",????? ????? ??????? ??? ????? ???? ??? ??? ???? (??????? ??? ????? ?? ????? ?? 2 ??? ????? ?? ???? ??? ????? ?????),??? ??? ?? ?? ??? ??? ???? ????? ????? ?????? ??? ??? (???) ???? ???? (??? ????? ?????? ??? ??? ?? ? ???? ?? ?? 2 ????? ???? ??? ????),"For this assessment, a protracted IDP is an Afghan National who was forced to leave their homes a minimum of 2 years ago, and have since restablished their lives in new locations. They are now considered part of the host community.",???? ??????? ????? ??????? ??? ????? ???? ??? ?? ????? ???? ????? ?? ?????? ????????? ????? ???? ? ??? ?? ??????? ?? ???? ????? ?? 2 ??? ??????? ????,??? ?????? ?? ??? ????????? ????? ?????? ??? ??? ??? ???? ??? ???? ?? ? ????????? ?????? ???? ?? ?? ???? ??? ?? 2 ????? ?? ???? ??? ?? ? ?????? ?????? ???????? ?? ?? ??? ?? ,TRUE,"selected(${migrant_population}, 'protract')",,,.>=${protracted_hhs},Protracted IDP individuals must be equal to or larger than the number of Protracted IDP households reported,???? ????? ??????? ??? ????? ???? ????? ???? ????? ?? ????? ??????? ??? ????????? ????? ???? ????? ????,? ??? ???? ????? ????? ?????? ??? ?????? ???? ???? ? ??? ???? ????? ????? ?????? ??? ?????? ?? ???? ??? ???? ??,,,
calculate,protracted_indvl_coalesce,,,,,,,,,,,,,,,"coalesce(${protracted_indvl},0)",,
calculate,idp_total_indvl,,,,,,,,,,,,,,,${idp_indvl_coalesce}+${prolonged_indvl_coalesce}+${protracted_indvl_coalesce},,
calculate,idp_total_hhs,,,,,,,,,,,,,,,${idp_hhs_coalesce}+${prolonged_hhs_coalesce}+${protracted_hhs_coalesce},,
integer,idp_3mo_hhs,How many of these IDP households (regardless of displacement length) arrived in the last 3 months?,??? ??????? ??????? ??? ????? (???? ?? ??? ????? ??? ??????? ??) ?? 3 ??? ???? ?? ??? ???/???? ??? ???? ???? ????,?? ??? ????? ?????? ??? ????? ?? ???? ???? ?????? ?? ??? ??? ?? ????? ???,,,,TRUE,${idp_indvl}>0 ,,,. <= ${idp_total_hhs},"Must be less than the number of IDP households reported living in the settlement (recent, prolonged and protracted)","???? ???? ?? ????? ???? ??????? ??? ????? ???? (????????? ?? ??? ????? ????????? ??? ? ??? ??? ? ??? ? ????????? ????? ?? ? ???)","???? ? ???? ????? ?????? ??? ? ?????? ?? ????? ??? ?? ?? ( ? ??????? ? ?????? ????? ?????? ???? ???? ????? ????? ?????? ??? ?? ??? ???? ????? ????? ?????? ???)",,,
select_one province_list,idp_prov_origin,From which province have most IDPs in this settlement come in the last 3 months?,?? 3 ??? ????? ?? ???? ????? ??????? ????? ????? ??? ????? ???? ??? ???? ????,? ??? ????? ??? ?????? ????? ?????? ??? ???? ?? ???? 3 ?????? ?? ?? ???????? (???) ?? ????? ??? ,,,,TRUE,${idp_3mo_hhs}>0 ,,,,,,,,,
select_one district_list,idp_dist_origin,From which district have most IDPs in this settlement come in the last 3 months?,?? 3 ??? ????? ?? ???? ??????? ??????? ????? ????? ??? ????? ???? ??? ???? ????,? ???? ??????? ??? ?????? ????? ?????? ??? ???? ?? ???? 3 ?????? ?? ?? ???????? (???) ?? ????? ??? ,,,,TRUE,${idp_3mo_hhs}>0 ,,,,,,,,province=${idp_prov_origin},
integer,refugee_hhs,How many refugee households are living in the settlement?,?? ?? ????? ??????? ??? ????? ???? ??? ????? ???????,? ???????? ????? ????? ??? ???????? (???) ?? ????? ????,"For this assessment, a refugee is a national of another country who has been displaced and are now residing in Afghanistan.",???? ??????? ????? ?? ???? ???? ????? ?? ?????? ???? ????? ?? ????? ? ????? ??? ???? ????? ?? ????????? ????? ???,"??? ?????? ?????? ?? ????? ??? ????? ???? ?? ??? ?? ?????? ??? ?? ??? ?? ????????? ?? ????? ???.",TRUE,"selected(${migrant_population}, 'refugee')",,,,,,,,,
calculate,refugee_hhs_coalesce,,,,,,,,,,,,,,,"coalesce(${refugee_hhs},0)",,
integer,refugee_indvl,How many refugee individuals are living in the settlement?,?? ?? ????? ????? ????? ???? ??? ????? ?????? ?,????? ??????? ???? (???) ??? ???????? (???) ?? ????? ????,"For this assessment, a refugee is a national of another country who has been displaced and are now residing in Afghanistan.",???? ??????? ????? ?? ???? ???? ????? ?? ?????? ???? ????? ?? ????? ? ????? ??? ???? ????? ?? ????????? ????? ???,"??? ?????? ?????? ?? ????? ??? ????? ???? ?? ??? ?? ?????? ??? ?? ??? ?? ????????? ?? ????? ???.",TRUE,"selected(${migrant_population}, 'refugee')",,,.>=${refugee_hhs},Refugee individuals must be equal to or larger than the number of Refugee households reported,???? ????? ??????? ???? ????? ?? ????? ??????? ??? ??????? ????,????????? ? ?????? ???? ???? ? ???????? ? ?????? ?? ???? ??? ???? ??,,,
calculate,refugee_indvl_coalesce,,,,,,,,,,,,,,,"coalesce(${refugee_indvl},0)",,
integer,returnee_hhs,How many returnee households are living in the settlement?,?? ?? ????? ??????? ??? ???? ????? ???? ??? ????? ???????,????? ??????? ??? ?????? ????? ?? ?? ???????? (???) ?? ???? ????,"For this assessment, a returnee is an Afghan National that has returned to Afghanistan after living other countries.",???? ??????? ???? ????? ?? ???? ???? ????? ?? ?????? ????????? ????? ???? ? ??? ?? ????? ???? ?? ?? ????? ????? ?? ????????? ??? ??? ???? ????,"??? ?????? ?????? ?? ?????? ??? ????? ?? ????? ???? ?? ??? ?? ?? ?? ????? ?? ?? ??????? ?????? ????????? ?? ?????? ??? ??.",TRUE,"selected(${migrant_population}, 'returnee')",,,,,,,,,
calculate,returnee_hhs_coalesce,,,,,,,,,,,,,,,"coalesce(${returnee_hhs},0)",,
integer,returnee_indvl,How many returnee individuals are living in the settlement?,?? ?? ????? ????? ???? ????? ???? ??? ????? ???????,????? ??????? ??? ???? (???) ??? ???????? (???) ?? ????? ????,"For this assessment, a returnee is an Afghan National that has returned to Afghanistan after living other countries.",???? ??????? ???? ????? ?? ???? ???? ????? ?? ?????? ????????? ????? ???? ? ??? ?? ????? ???? ?? ?? ????? ????? ?? ????????? ??? ??? ???? ????,"??? ?????? ?????? ?? ?????? ??? ????? ?? ????? ???? ?? ??? ?? ?? ?? ????? ?? ?? ??????? ?????? ????????? ?? ?????? ??? ??.",TRUE,"selected(${migrant_population}, 'returnee')",,,.>=${returnee_hhs},Returnee individuals must be equal to or larger than the number of Returnee households reported,???? ????? ???? ????? ??? ???? ????? ?? ????? ??????? ??? ???? ????? ??? ????,? ??????? ??? ? ?????? ???? ???? ? ??????? ??? ? ?????? ?? ???? ??? ???? ??,,,
calculate,returnee_indvl_coalesce,,,,,,,,,,,,,,,"coalesce(${returnee_indvl},0)",,
select_one country,returnee_origin,From where did MOST of these returnees travel from?,??????? ????? ??? ???? ????? ??? ?? ??? ???? ????,?????? ??????? ??? ????? ?? ??? ??? ??? ??????,,,,TRUE,${returnee_indvl}>0,,,,,,,,,
select_one pak_prov,returnee_paki_prov,What was the main province from which most returnees from Pakistan came?,??????? ???? ????? ??? ?? ?? ??????? ???? ?? ???? ????? ??????? ???? ????,? ??????? ? ???? ????/????? ??? ?????? ??????? ??? ????? ???? ??????,,,,TRUE,"selected(${returnee_origin}, 'pakistan')",,,,,,,,,
select_one iran_prov,returnee_iran_prov,What was the main province from which most returnees from Iran came?,??????? ???? ????? ???? ?? ?? ????? ???? ?? ???? ????? ????? ???? ??? ?,? ????? ? ??? ????? ??? ?????? ??????? ??? ????? ???? ??????,,,,TRUE,"selected(${returnee_origin}, 'iran')",,,,,,,,,
integer,returnee_3mo_hhs,How many of these returnee households arrived in the last 3 months?,?????? ?? 3 ??? ????? ?? ?? ????? ??????? ??? ???? ????? ???? ??? ???? ????,?????? ?? ???? 3 ?????? ?? ????? ???/???????? ?? ?????  ??????? ??? ????? ????? ???,,,,TRUE,${returnee_indvl}>0,,,.<=${returnee_hhs},Must be less than the number of returnee households reported living in the settlement,???? ???? ?? ????? ???? ??????? ???? ??????? ????,???? ? ???? ??????? ??? ?????? ?? ????? ??? ?? ?? ??? ?? ???? ?? ??? ?? ? ???? ????? ????? ??,,,
select_multiple return_challenge,recentreturn_challenge,Have any of these returnees faced challenges in integrating into your settlement?,??? ???? ???? ????? ? ???? ????? ???? ??? ?? ???? ???? ?? ????? ????,??? ???? ??? ??????? ??? ????? ??? ?? ????? ?? ??? ?? ??  ????? ??????? ??? ?? ??? ???,,,,TRUE,${returnee_3mo_hhs}>0,,,"not((selected(., 'none')) and count-selected(.) >1)",Cannot select 'none' and any other option,????? ???/??? ???? ?? ?? ?? ?? ????? ??? ???? ?????? ???? ?????????,? ??? ???? ? ???? ??????? ??? ????? ??? ??????????,,,
text,recentreturn_challenge_other,Specify other,???? ???? ?????,??? ???? ?? ???,,,,TRUE,"selected(${recentreturn_challenge}, 'other')",,,,,,,,,
integer,economic_hhs,How many economic migrant households are living in the settlement?,?? ?? ????? ??????? ????? ?? ????? ?????? ????? ??????? ???? ????? ??? ??? ???? ??? ????? ???????,????? ??????? ?????? ??? ????? ??? ???????? (???) ?? ???? ????,"For this assessment, an economic migrant is an Afghan National who left their homes by choice in order to seek employment or obtain money or resources. They did NOT leave home due to the threat of violence, human right violations, or man-made disasters.",???? ??????? ????? ??????? ?? ??? ???? ????? ?? ?????? ????????? ???? ? ???? ???? ??? ?? ??? ? ????? ??? ????? ?????? ??? ? ?????? ???? ???? ??? ???? ????. ?? ?? ??? ??? ? ????? ?? ???? ???? ?? ??? ????,"??? ?????? ?????? ?? ??????? ????? ?? ????? ???? ?? ?? ?? ??? ?????? ????? ???? ? ??? ?? ??? ????? ??? ?? ?? ???? ?? ???? ?????? ???. ??? ??? ?????? ? ??????????? ? ?????? ???? ????? ??? ? ??????? ?? ? ????? ?? ??? ??????? ????????? ?? ???? ??? ?????.",TRUE,"selected(${migrant_population}, 'economic')",,,,,,,,,
calculate,economic_hhs_coalesce,,,,,,,,,,,,,,,"coalesce(${economic_hhs},0)",,
integer,economic_indvl,How many economic migrant individuals are living in the settlement?,?? ?? ????? ???????? ?? ????? ?????? ????? ??????? ???? ????? ??? ??? ???? ??? ????? ???????,"????? ??????? ?????? ??? ???? ??? ??? ?? ???? ????
(??? ??? ?? ? ??????? ?????? ?? ?? ???? ?????? ??? ??)","For this assessment, an economic migrant is an Afghan National who left their homes by choice in order to seek employment or obtain money or resources. They did NOT leave home due to the threat of violence, human right violations, or man-made disasters.",???? ??????? ????? ??????? ?? ??? ???? ????? ?? ?????? ????????? ???? ? ???? ???? ??? ?? ??? ? ????? ??? ????? ?????? ??? ? ?????? ???? ???? ??? ???? ????. ?? ?? ??? ??? ? ????? ?? ???? ???? ?? ??? ????,"??? ?????? ?????? ?? ??????? ????? ?? ????? ???? ?? ?? ?? ??? ?????? ????? ???? ? ??? ?? ??? ????? ??? ?? ?? ???? ?? ???? ?????? ???. ??? ??? ?????? ? ??????????? ? ?????? ???? ????? ??? ? ??????? ?? ? ????? ?? ??? ??????? ????????? ?? ???? ??? ?????.",TRUE,"selected(${migrant_population}, 'economic')",,,.>=${economic_hhs},Economic migrant individuals must be equal to or larger than the number of economic migrant households reported,???? ????? ??????? ??? ??????? ???? ????? ?? ????? ??????? ??? ??????? ??? ??????? ????,? ??????? ?????? ??? ? ?????? ???? ???? ?  ??????? ?????? ??? ? ?????? ?? ???? ??? ???? ??,,,
calculate,economic_indvl_coalesce,,,,,,,,,,,,,,,"coalesce(${economic_indvl},0)",,
integer,nomad_hhs,How many nomad (Kuchi) households are living in the settlement permanently?,?? ?? ????? ??????? ??? ???? ???? ??? ?? ??? ????? ????? ?????? ?,? ??????? ????? ????? ??? ???????? (???)  ?? ????? ??? ????? ????,"For this assessment, a nomad is an Afghan national that traditionally does not have a fixed home or location of living, and regularly moves throughout the country as part of their livelihood.",???? ??????? ??? ???? ?? ??? ???? ????? ?? ?????? ????????? ?? ????? ???? ? ???? ? ??? ???? ???? ????? ???? ????? ? ??? ???? ?? ????? ???? ?? ?? ???? ????? ?? ??????,"??? ?????? ?????? ?? ???? ?? ????? ???? ?? ?? ? ????? ?? ??? ???? ??? ?? ??? ? ??????? ????? ?? ???? ?? ?? ?????? ??? ?? ??? ????? ?? ? ??? ???? ???? ? ??? ???? ?? ???? ????.",TRUE,"selected(${migrant_population}, 'nomad')",,,,,,,,,
calculate,nomad_hhs_coalesce,,,,,,,,,,,,,,,"coalesce(${nomad_hhs},0)",,
integer,nomad_indvl,How many nomad (Kuchi) individuals are living in the settlement permanently?,?? ?? ????? ????? ???? ???? ??? ????? ?? ??? ????? ???????,????? ???? ????? ??? ???????? (???) ?? ?? ????? ??? ????? ????,"For this assessment, a nomad is an Afghan national that traditionally does not have a fixed home or location of living, and regularly moves throughout the country as part of their livelihood.",???? ??????? ??? ???? ?? ??? ???? ????? ?? ?????? ????????? ?? ????? ???? ? ???? ? ??? ???? ???? ????? ???? ????? ? ??? ???? ?? ????? ???? ?? ?? ???? ????? ?? ??????,"??? ?????? ?????? ?? ???? ?? ????? ???? ?? ?? ? ????? ?? ??? ???? ??? ?? ??? ? ??????? ????? ?? ???? ?? ?? ?????? ??? ?? ??? ????? ?? ? ??? ???? ???? ? ??? ???? ?? ???? ????.",TRUE,"selected(${migrant_population}, 'nomad')",,,.>=${nomad_hhs},Nomad individuals must be equal to or larger than the number of nomad households reported,???? ????? ???? ?? ???? ????? ?? ????? ??????? ??? ???? ?? ????,? ??????? ???? /??????  ???? ???? ? ??????? ? ?????? ?? ???? ??? ???? ??,,,
calculate,nomad_indvl_coalesce,,,,,,,,,,,,,,,"coalesce(${nomad_indvl},0)",,
integer,host_hhs,How many host community households are living in the settlement?,?? ?? ????? ??????? ??? ?????? ???? ??? ????? ???????,? ????? ????? ????? ????? ??? ???????? ?? ???? ????,"For this assessment, host community individuals are not displaced, and identify as part of the community within which the informal settlement resides.",???? ??????? ????? ????? ?????? ????? ??? ?????? ? ?? ?? ????? ? ?????? ?? ?? ?? ????? ??? ???? ??? ????? ????,"??? ?????? ?????? ? ????? ????? ????? ?????? ??? ??? ?? ? ????? ? ??? ???? ?? ???? ?????? ???? ????? ?? ??????? ???????? ???? ??.",TRUE,"selected(${iset_population}, 'mixed') ",,,,,,,,,
calculate,host_hhs_coalesce,,,,,,,,,,,,,,,"coalesce(${host_hhs},0)",,
integer,host_indvl,How many host community individuals are living in the settlement?,?? ?? ????? ????? ?????? ???? ??? ????? ???????,????? ????? ? ????? ????? ??? ???????? (???) ?? ???? ????,"For this assessment, host community individuals are not displaced, and identify as part of the community within which the informal settlement resides.",???? ??????? ????? ????? ?????? ????? ??? ?????? ? ?? ?? ????? ? ?????? ?? ?? ?? ????? ??? ???? ??? ????? ????,"??? ?????? ?????? ? ????? ????? ????? ?????? ??? ??? ?? ? ????? ? ??? ???? ?? ???? ?????? ???? ????? ?? ??????? ???????? ???? ??.",TRUE,"selected(${iset_population}, 'mixed') ",,,.>=${host_hhs},Host community individuals must be equal to or larger than the number of host community households reported,,,,,
calculate,host_indvl_coalesce,,,,,,,,,,,,,,,"coalesce(${host_indvl},0)",,
calculate,total_indvl,,,,,,,TRUE,,,,,,,,${idp_indvl_coalesce}+${prolonged_indvl_coalesce}+${protracted_indvl_coalesce}+${refugee_indvl_coalesce}+${returnee_indvl_coalesce}+${economic_indvl_coalesce}+${nomad_indvl_coalesce}+${host_indvl_coalesce},,
calculate,total_hhs,,,,,,,TRUE,,,,,,,,${idp_hhs_coalesce}+${prolonged_hhs_coalesce}+${protracted_hhs_coalesce}+${refugee_hhs_coalesce}+${returnee_hhs_coalesce}+${economic_hhs_coalesce}+${nomad_hhs_coalesce}+${host_hhs_coalesce},,
calculate,avg_hh_size,,,,,,,TRUE,,,,,,,,${total_indvl} div ${total_hhs},,
end group,,,,,,,,,,,,,,,,,,
begin group,vulnerability,Vulnerabilty,???? ?????,?????????,,,,,"selected(${consent},'yes')",,,,,,,,,
note,vuln_note,Now I will ask about at-risk individuals and households living in this settlement. Please do your best to estimate their size. ,"???? ?? ???? ????? ? ??????? ??? ?? ?? ???? ??? ??? ? ???? ???? ??? ???? ????? ????? ?????? ?????? ????? ??? ????? ?????? ?? ?? ??????","??? ?? ???? ? ??? ????? ?? ?????? ?? ??? ?????? ???? ??? ?? ??? ???????? ?? ???? ???? ?? ??????? ??? ? ???? ?????? ?????? ???? ???????",,,,FALSE,,yes,,,,,,,,
integer,disability,Approximately how many households in your settlement contain members that have a disability that prevents them from completing everyday tasks?,?????? ?? ?? ????? ??????? ?? ?? ??? ??? ????? ??????? ??????? ?? ???? ????? ??? ??? ??? ??? ??? ????? ,?????? ????? ?? ???????? (???) ?? ????? ????? ??????? /??????? ????,"An individual may have a disability if they have difficulty seeing, hearing, walking or climbing steps, communicating or understanding conversation, or challenges with caring for themselves.",?? ??? ???? ??????? ????? ????. ??? ???? ??????. ??? ??? ?? ???? ????. ?????? ?? ???? ???? ?? ?????? ?? ?? ?????? ?? ???? ?????? ?? ??? ???? ????? ????.,"?? ?? ???? ?? ??????? ???? ?? ???? ??? ? ?????? ???????? ??????? ?? ??? ????? ????? ???? ???? ?? ?? ???? ???????? ?? ? ??? ??? ?? ??? ????? ?? ?????? ????.",TRUE,,,,.<=${total_hhs},Number entered must be less than total housholds reported living in the settlement,???? ???? ?? ????? ??????? ?? ????,????? ?? ???? ? ???? ?????? ?? ????? ??? ?? ??,,,
integer,chronic_ill,Approximately how many households in your settlement contain members that have a chronic illness that prevents them from completing everyday tasks?,?????? ?? ?? ????? ??????? ?? ?? ??? ??? ????? ????? ???? ??????? ?? ???? ????? ??? ??? ??? ??? ??? ????? ,?????? ????? ?? ???????? (???) ?? ????? ????? ???? /???? ?????? ??????? ????,"Examples of chronic illness: heart disease, hypertension, diabetes, chronic respiratory diseases, cancer, moderate to severe asthma","????? ???? ?? ?????? ??? ????: ?????? ??? ???? ? ???? ??? ???? ? ????? ? ?????? ??? ???? ????? ? ????? ? ??? ????? ?? ????","? ????? ?? ???? ?????/???? ?????? ?????: ? ??? ??????? ??? ????? ???? ??????? ???? ????? ????? ??????? ????? ??????? ??? ??????",TRUE,,,,.<=${total_hhs},Number entered must be less than total housholds reported living in the settlement,???? ???? ?? ????? ??????? ?? ????,????? ?? ???? ? ???? ?????? ?? ????? ??? ?? ??,,,
integer,elderly,Approximately how many INDIVIDUALS in your settlement are 60 years of age or older,?????? ?? ?? ????? ????? ?? ?? 60 ?? ?????? ?? ?? ???? ??? ??? ????? ???????,?? ?????? ??? ????? ?? ??? ?? ?? ????? ???? ?? ?? ??? ?? ?? ?? ???? ??? ???,,,,TRUE,,,,.<=${total_indvl},Number entered must be less than total individuals reported living in the settlement,???? ???? ?? ????? ????? ????,????? ?? ???? ? ????? ? ???? ??? ?? ????? ??? ?? ??,,,
integer,female_hoh,Approximately how many households in your settlement have female heads of household?,?????? ?? ?? ????? ??????? ?? ?? ??? ??? ????? ?????? ???? ????????,?? ?????? ??? ????? ?? ??? ?? ?? ????? ????? ?? ?? ????? ?? ??????? ????,,,,TRUE,,,,.<=${total_hhs},Number entered must be less than total housholds reported living in the settlement,???? ???? ?? ????? ??????? ?? ????,????? ?? ???? ? ???? ?????? ?? ????? ??? ?? ??,,,
select_multiple ethnicity,ethnic_groups,What ethnic groups comprise this settlement?,???? ??? ????? ???? ??? ????? ???????,?? ??? ????????? ?? ??? ?????? ???? ????,Select as many groups as are applicable,???? ?? ????? ?? ?????? ???? ?? ???? ??? ????? ?????,??? ??? ?????? ?????? ??? ?? ???? ???? ???,TRUE,,,,,,,,,,
text,ethnic_groups_other,Specify other,???? ???? ?????,??? ???? ?? ???,,,,TRUE,"selected(${ethnic_groups}, 'other') ",,,,,,,,,
end group,,,,,,,,,,,,,,,,,,
begin group,intentions,Intentions,?????/??????,???????/??????,,,,,"(selected(${consent},'yes'))",,,,,,,,,
select_one yesnodont,five_years,Have most households in your settlement lived here more than 5 years?,??? ????? ??????? ?? ????? ?? 5 ??? ???? ??? ????? ???? ????,??? ????? ? ????????? ???? ???? ? ???? ???? ??? ???? ?? ???? ???? ????,,,,TRUE,,,,,,,,,,
select_one yesno,relocate_plan,Do any residents of this settlement plan to move elsewhere within the next month?,??? ???? ????? ??? ??? ??? ?? ??? ????? ???? ???? ???? ??? ?? ????? ????? ?? ????,??? ??? ???????? (???) ???? ????????? ???? ??? ?? ?? ??????? ????? ?? ?? ??? ?? ??? ???,,,,TRUE,,,,,,,,,,
select_multiple pushpull,relocate_pushpull,For what reason are households planning to move elsewhere?,?? ???? ????? ??????? ?? ??? ???? ?? ???? ????? ?? ??????,? ??? ???? ?? ??? ????? ???? ??? ?? ?? ??? ?? ??? ???,,,,TRUE,"selected(${relocate_plan}, 'yes') ",,,,,,,,,
text,relocate_pushpull_other,Specify other,???? ???? ?????,??? ???? ?? ???,,,,TRUE,"selected(${relocate_pushpull}, 'other') ",,,,,,,,,
end group,,,,,,,,,,,,,,,,,,
begin group,covid19,COVID-19,????? ?????,????? 19,,,,,"(selected(${consent},'yes'))",,,,,,,,,
note,covid_note,"Now I would like to ask you about recent health concerns regarding the new coronavirus, including what residents in your settlement are doing and if their  behaviour has changed. ",???? ??????? ?? ???? ?????? ??? ???? ????? ????? ?? ??? ???? ??? ????? ?????? ??? ??? ??? ?? ?????? ??? ????? ??? ???? ???? ???? ???? ,"??? ?? ????? ?? ? ???? ???????? ??????? ? ??? ????? ?????? ?? ??? ?????? ????? ?? ???? ??? ?? ????? ?? ???????? ?? ????????? ?? ??? ?? ???? ? ???? ????? ???? ??? ??? ",,,,FALSE,,yes,,,,,,,,
select_one yesno_part,covid_aware,"Are residents in this settlement aware of the new coronavirus disease, also known as COVID-19?",???  ???????? ??? ??? ?? ????? ????? ?? ???? ????? 19 ??? ??? ????? ?? ??? ??????,??? ??? ???????? (???) ????????? ? ??? ????? ????? ?????? ??? ?? ? ????? 19 ?? ???? ?? ?????? ??? ???,,,,TRUE,,,,,,,,,,
begin group,covid_reponse,Site is aware of COVID-19,???? ?? ????? ????? ??? ????,??? ? ?????  ?? ????? ??? ??? ??,,,,,"(selected(${covid_aware}, 'yes')) or (selected(${covid_aware}, 'part'))",,,,,,,,,
select_one yesnodont,covid_concern,Is the new coronavirus disease an important concern for MOST residents of your settlement?,??? ????? ????? ?? ?????? ???? ???? ?????? ??? ??? ??? ??? ?,??? ? ????? ????? ??? ?????? ????? ? ???????? (???) ? ?????? ????????? ?????  ?? ? ??? ?? ??????? ???,,,,TRUE,,,,,,,,,,
select_one yesno_part,covid_prevent,Are MOST settlement residents aware of prevention methods for the new coronavirus disease?,??? ????? ???? ?????? ??? ??? ??? ?? ??? ??? ??? ?????? ???? ????? ????? ?? ??? ??????,??? ??? ???????? (???) ?????? ????????? ? ??? ????? ????? ?????? ? ?????? ? ??????? ??? ??? ???,,,,TRUE,,,,,,,,,,
select_multiple info_source,covid_info,From where / from whom are MOST settlement residents getting their information about coronavirus and prevention? ,??????? ????? ?????? ??? ??? ??? ??????? ? ??? ??? ??? ???? ???? ????? ????? ?? ?? ?? ? ??? ???? ????????,??? ???????? (???) ?????? ????????? ? ????? ????? ?? ?????? ?? ???? ?? ??????? ? ??? ???/?? ?? ??? ?????? ????,,,,TRUE,"(selected(${covid_prevent}, 'yes')) or (selected(${covid_prevent}, 'part'))",,,,,,,,,
text,covid_info_other,Specify other,???? ???? ?????,??? ???? ?? ???,,,,TRUE,"selected(${covid_info}, 'other') ",,,,,,,,,
select_multiple prevention,covid_safeprac,What actions are MOST settlement residents taking to PREVENT EXPOSURE to the coronavirus?,??????? ????? ?????? ??? ??? ??? ????? ??? ???? ?? ????? ????? ?? ??????? ?? ??? ??? ????? ????,? ?? ???????? ?????? ?????????  ? ????? ????? ? ?????? ?????? ?? ???? ???? ???? ????? ????,"Read options, select all that apply",????? ?? ?? ??????? ? ???? ?????? ?? ?????? ???? ?????? ????,"??????? ?????? ??? ??? ?????? ??? ?? ???? ????",TRUE,,,,"not((selected(., 'none')) and count-selected(.) >1)",Cannot select 'none' and any other option,????? ???/??? ???? ?? ?? ?? ?? ????? ??? ???? ?????? ???? ?????????,? ??? ???? ? ???? ??????? ??? ????? ??? ??????????,,,
text,covid_safeprac_other,Specify other,???? ???? ?????,??? ???? ?? ???,,,,TRUE,"selected(${covid_safeprac}, 'other') ",,,,,,,,,
select_multiple covid_action,covid_action,What actions would MOST settlement residents take if they THOUGHT THEY HAD coronavirus? ,?????? ?????? ??? ??? ??? ?? ???????? ?????? ??? ??? ??? ???? ?? ???? ?? ????? ????? ??? ????,? ?? ???????? ?????? ????????? ?? ??? /??? ?????? ??? ??? ?? ??? ?? ?? ??? ?? ????? ?????? ???? ???,"Read options, select all that apply",????? ?? ?? ??????? ? ???? ?????? ?? ?????? ???? ?????? ????,"??????? ?????? ??? ??? ?????? ??? ?? ???? ????",TRUE,,,,"(not((selected(., 'none')) and count-selected(.) >1)) and (not((selected(., 'dont_know')) and count-selected(.) >1))",Cannot select 'none' or 'don't know' and any other option,????? ???/??? ???? ?? ??????? ?? ?? ?? ?? ????? ??? ???? ?????? ???? ?????????,? ??? ?? ?? ?????? ???? ? ???? ??????? ??? ????? ??? ??????????,,,
text,covid_action_other,Specify other,???? ???? ?????,??? ???? ?? ???,,,,TRUE,"selected(${covid_action}, 'other') ",,,,,,,,,
select_multiple popn_group,covid_discriminate,Have ANY residents of your community been discriminated or neglected by their family or community as a result of Covid-19? ,??? ???? ?????? ????? ??? ?? ???? ????? ????? ?? ??? ??????? ?? ????? ??? ???? ????? ?? ???? ???? ????? ??? ????,"???? ????? ? ????? ??? ???? ?? ?? ??? ?? ? ?????? ?????? ?? ????? ?? ? ????? ?? ????? ???? ????? ??????? ???? ?? ???? ??? ???","Read options, select all that apply",????? ?? ?? ??????? ? ???? ?????? ?? ?????? ???? ?????? ????,"??????? ?????? ??? ??? ?????? ??? ?? ???? ????",TRUE,,,,"not((selected(., 'none')) and count-selected(.) >1)",Cannot select 'none' and any other option,????? ???/??? ???? ?? ?? ?? ?? ????? ??? ???? ?????? ???? ?????????,? ??? ???? ? ???? ??????? ??? ????? ??? ??????????,,,
text,covid_discriminate_other,Specify other,???? ???? ?????,"???? ???? ?? ???.",,,,TRUE,"selected(${covid_discriminate}, 'other') ",,,,,,,,,
select_multiple discriminate,discrimate_result,What have been the consequences?,????? ?? ?? ???? ????,????? ?? ?? ???,"Read options, select all that apply",????? ?? ?? ??????? ? ???? ?????? ?? ?????? ???? ?????? ????,"??????? ?????? ??? ??? ?????? ??? ?? ???? ????",TRUE,"not(selected(${covid_discriminate}, 'none')) ",,,,,,,,,
text,discrimate_result_other,Specify other,???? ???? ?????,"???? ???? ?? ???.",,,,TRUE,"selected(${discrimate_result}, 'other') ",,,,,,,,,
end group,,,,,,,,,,,,,,,,,,
end group,,,,,,,,,,,,,,,,,,
begin group,wash,WASH,??? ?????,"????? ?????? ????? ?? ??? ?????",,,,,"(selected(${consent},'yes'))",,,,,,,,,
note,wash_note,"Now I would like to ask about different water, hygiene, and sanitation sources available in your settlement, and how they are used by residents.",????? ?? ????? ?? ???? ????? ????? ?? ? ??? ????? ?????? ? ??? ??????? ????????  ?? ????? ??? ???? ???.,"??? ?? ????? ?? ????? ?? ???????? (???) ?? ? ????? ??? ?????? ?? ?????? ????? ? ?????? ?????? ?????? ?? ??? ?????? ????? ?? ??? ?? ?? ??? ?? ??? ? ?? ??? ? ????????? ???? ????? ????? ",,,,FALSE,,yes,,,,,,,,
select_one health_2k,water_point,Is there an accessible collective water point within 2km of your settlement?,??? ?? 2 ???? ???? ???? ??? ???? ???? ?? ?? ????? ????,??? ????? ? ??? ?? 2 ???? ???? ?? ? ??? ??? ?? ? ???? ???? ?????? ?? ???? ????,,,,TRUE,,,,,,,,,,
integer,water_point_no,How many functional collective water points (including taps) are available for settlement use within 2km?,??? ???? ???? ?? (?? ???? ?? ??) ???? ??????? ?? ?? 2 ???????? ??? ???? ???? ?????,? ???? ?? ???? ?????? (? ?? ?? ????) ? ?? ??? ?? 2 ???? ???? ?? ???? ????,,,,TRUE,"selected(${water_point}, 'yes') ",,,,,,,,,
select_one yesno_all,tap_sanitize,"Has the infrastructure at these functional collective water points (e.g. handle of handpump, tap) been cleaned or disinfected on a daily basis in the last 7 days?","??? ??7 ??? ????? ????? ????? ?? (?? ??? ????  ???? ? ???? ????? ?? ?? ??? ???) ?? ??? ?????? ???/?? ????? ??????? ",??? ? ???? ??? ????? ?????? (? ???? ???? ????? ?? ?? ? ?? ??? ???)  ?? ???? ? ???? ?? ??? ??? ??? ??? ?? ? ?????? ??  ??? ??? ????? ??? ????   ,,,,TRUE,"selected(${water_point}, 'yes') ",,,,,,,,,
select_one yesnodont,wash_gbv,Are these water points safely and easily accessible to women and girls?,??? ???? ? ?????? ?? ??? ???? ? ????? ?? ??? ????? ?? ?????? ??????,??? ? ???? ??? ?????? ?? ??? ?? ????? ?? ????? ??? ?????? ??? ?? ? ???? ????? ????? ???,"For example, are they in safe, public and well-lit areas so that women and girls can collect water on their own without disturbance.","?? ??? ???? ? ??? ??? ????? ?? ????? ??? ? ????? ? ????? ???? ????? ?? ???? ? ?????? ???? ?????? ??????? ?? ?????? ?? ?? ?? ??????.","? ????? ?? ???? ??? ?? ?????? ?? ???? ??? ?? ????? ??? ?? ?? ?? ??? ?? ????? ?? ?? ??? ??????? ?????? ?? ? ??? ??? ???? ??????",TRUE,"selected(${water_point}, 'yes') ",,,,,,,,,
select_multiple handwash,handwash_location,Where do settlement residents go to wash their hands?,???????? ????? ???? ???? ??? ??? ??? ?? ??? ?? ?????,??? ???????? (???) ????????? ? ??? ????????? ????? ????? ???,"Read options, select all that apply",????? ?? ?? ??????? ? ???? ?????? ?? ?????? ???? ?????? ????,"??????? ?????? ??? ??? ?????? ??? ?? ???? ????",TRUE,,,,,,,,,,
text,handwash_location_other,Specify other,???? ???? ?????,"???? ???? ?? ???.",,,,TRUE,"selected(${handwash_location}, 'other') ",,,,,,,,,
select_one wash_device,handwash_device,What kind of handwashing device do most households usually use to wash their hands?,??????? ??????? ?? ???? ??? ????? ???? ???? ??? ?? ??????? ??????,???? ????? ? ??? ?????? ?? ???? ??????/???? ??? ??? ?????,"A handwashing facility refers to a fixed or mobile device designed to contain, transport or regulate the flow of water to facilitate handwashing. They include sinks with tap water, buckets with taps, tippy-taps, and jugs or basins designated for handwashing as well as Aftaba","????? ??? ???? ????? ?? ?????? ??? ??? ?? ??????? ?? ?? ? ??? ???/?? ??? ????? ????? ???? ??? ??? ????? ??? ???? ?????? ? ?? ????","? ??? ????????? ???????? ??? ????? ??? ?? ??????? ????? ?? ??? ???? ?? ???? ??? ??? ?? ?? ??? ??? ?? ? ???? ? ?????? ???? ?? ??????? ????? ??? ???? ? ??? ????????? ??????? ?????? ???. ?? ??? ????? ? ?????? ?? ?? ?? ? ???? ?????? ????? ? ???? ???? ??? ???? ?? ? ???? ? ??????? ??? ???? ??? ??????/???? ",TRUE,"selected(${handwash_location}, 'public') or selected(${handwash_location}, 'public_facility') ",,,,,,,,,
text,handwash_device_other,Specify other,???? ???? ?????,"???? ???? ?? ???.",,,,TRUE,"selected(${handwash_device}, 'other') ",,,,,,,,,
select_one yesnodont,soap_avail,Are soap AND water available for handwashing at most handwashing facilities?,??? ????? ? ?? ??????? ?????? ??? ???? ???? ??? ?? ????? ????,???  ? ??? ?????? ????? ????? ?? ????  ???? ?????? ?? ?????? ?? ???? ????,,,,TRUE,,,,,,,,,,
begin group,handwash_time,Do MOST people in the settlement wash their hands at these times:,??? ??????? ????? ?? ????? ??? ??? ??? ?? ?? ??? ????? ???????:,??? ?? ??? ???????? (???) ?? ???? ??? ?? ????? ??? ??? ?????? ?? ?????? ?????????,,,,,,,table-list,,,,,,,
select_one yesnodont,time_handwash_meal,Before preparing a meal?,??? ?? ???? ????? ????,? ????? ? ??????? ??? ?????,,,,TRUE,,,,,,,,,,
select_one yesnodont,time_handwash_toilet,After using the latrine or toilet?,??? ?? ??????? ?? ??? ??????,? ????? ??? ???????,,,,TRUE,,,,,,,,,,
select_one yesnodont,time_handwash_return,After coming back from outside the home?,??? ?? ?????? ?? ????? ?????,??? ?? ? ?????? ??? ????? ????? ?????,,,,TRUE,,,,,,,,,,
end group,,,,,,,,,,,,,,,,,,
select_one yesnodont,handwash_crowded,Has overcrowding at these handwashing facilities been an issue in the last 7 days?,??? ?? 7 ??? ????? ?????? ??? ?? ?? ?? ??? ????? ?????? ??? ?? ?? ???? ???? ????,??? ?? ???? 7 ???? ??  ? ??? ????????? ? ????????? ?????? ?? ???? ???????  ??? ?????? ???,,,,TRUE,"selected(${handwash_location}, 'public') or selected(${handwash_location}, 'public_facility') ",,,,,,,,,
select_one health_2k,water_distance,Is the main source of potable or drinking water for your settlement within 2 km of your settlement?,??? ?? 2 ???? ???? ???? ??? ???? ???? ?? ???????? ?? ????? ????,??? ????? ? ??? ?? 2 ???? ???? ?? ? ??? ??? ?? ? ???? ? ???? ???? ?????? ?? ???? ????,,,,TRUE,,,,,,,,,,
select_one water_source_type,water_source,What is this source of potable or drinking water?,?? ??? ???? ???? ?? ???????? ?? ????? ????,??? ??? ? ???? ? ???? ?????? ???? ????,,,,TRUE,"selected(${water_distance}, 'yes') or selected(${water_distance}, 'no_further') ",,,,,,,,,
text,water_source_other,Specify other,???? ???? ?????,"???? ???? ?? ???.",,,,TRUE,"selected(${water_source}, 'other') ",,,,,,,,,
select_multiple water_barrier,water_barrier,Does your settlement face any barriers to accessing potable/drinking water?,??? ????? ??? ???? ?????? ?? ?? ????????  ?? ???? ?????? ????? ????,"??? ????? ? ???????? (???) ???? ????/???? ???? ?? ?? ?????? ?? ??? ?? ? ???? ?????? ??? ?? ?????",,,,TRUE,"selected(${water_distance}, 'yes') or selected(${water_distance}, 'no_further') ",,,"not((selected(., 'none')) and count-selected(.) >1)",Cannot select 'none' and any other option,????? ???/??? ???? ?? ?? ?? ?? ????? ??? ???? ?????? ???? ?????????,? ??? ???? ? ???? ??????? ??? ????? ??? ??????????,,,
text,water_barrier_other,Specify other,???? ???? ?????,"???? ???? ?? ???.",,,,TRUE,"selected(${water_barrier}, 'other') ",,,,,,,,,
select_one yesnodont,water_barrier_group,Are any specific groups more affected than others by these barriers?,??? ???? ????? ????? ?? ???? ??? ???? ?? ??? ????? ??? ????? ???? ????? ????,"???? ???? ?????? ??? ?? ???? ??? ???? ?????? ??? ?? ???",,,,TRUE,"selected(${water_barrier}, 'yes') ",,,,,,,,,
select_multiple popn_group,water_barrier_who,Which groups are more affected?,??? ???. ????? ???? ???? ?? ????? ??? ????,"[?? ???  ???? ??? ???? ??? ?????? ??? ?? ???",,,,TRUE,"selected(${water_barrier_group}, 'yes') ",,,"not((selected(., 'none')) and count-selected(.) >1)",Cannot select 'none' and any other option,????? ???/??? ???? ?? ?? ?? ?? ????? ??? ???? ?????? ???? ?????????,? ??? ???? ? ???? ??????? ??? ????? ??? ??????????,,,
text,water_barrier_who_other,Specify other,???? ???? ?????,"???? ???? ?? ???.",,,,TRUE,"selected(${water_barrier_who}, 'other') ",,,,,,,,,
end group,,,,,,,,,,,,,,,,,,
begin group,health,Health,???,??????,,,,,"(selected(${consent},'yes'))",,,,,,,,,
note,health_note,"Now I would like to ask about health centres available for your settlement, resident use of these centres and barriers you face in accessing them. I will also ask about resident wellbeing and stress.","????? ?? ????? ?? ???? ????? ??? ?? ????? ??? ? ??????? ??????? ?? ??? ????? ? ?????? ?? ???? ?????? ?? ???? ????? ????? ? ???? ???. ? ?????? ??????? ?? ???? ?????? ? ?????? ???? ???????? ??????","??? ?? ????? ? ??? ???????? ??????? ?? ??? ?????? ???? ?? ????? ?? ???????? (???) ??? ?? ??? ??? ?????  ?? ??? ?????? ?? ???? ????? ? ?????? ?? ??? ?? ?? ????. ???????? ?? ?? ? ????????? ? ???????/?????? ?? ???? ?? ??? ?? ?????? ????.",,,,FALSE,,yes,,,,,,,,
select_one health_2k,health_distance,Is there an accessible health centre within 2 km of your settlement?,??? ?? ????? 2 ???????? ???? ??? ?? ???? ??? ???? ????? ???? ?????,"??? ???? ???????? ???? ?? ????? ? ???????? (???) ??? ?? 2 ???? ???? ?? ???? ??? ???? ????",,,,TRUE,,,,,,,,,,
select_multiple health_inaccess,health_inaccess,Where do settlement residents seek treatment if they become sick or injured?,???????? ????? ?? ???? ?????? ?? ????? ??? ????? ????? ?? ??????????,"???? ? ???????? (???) ????????? ?? ??? ?????? ?? ???? ?? ?? ?????? ?????  ????? ???",,,,TRUE,"selected(${health_distance}, 'no_none') ",,,,,,,,,
text,health_inaccess_other,Specify other,???? ???? ?????,"???? ???? ?? ???.",,,,TRUE,"selected(${health_inaccess}, 'other') ",,,,,,,,,
integer,inaccess_distance,"How long, in minutes by driving, would it take to travel to the nearest accessible health centre?", ????? ??? ?? ????????? ???? ??? ???? ???? ??? ????? ????? ?? ?? ?? ???????,????? ? ??? ??? ?? ???? ???? ???????? ???? ?? ?? ???? ?? ????? ??? ??? ?? ?????,,,,TRUE,"selected(${health_inaccess}, 'travel') ",,,,,,,,,
select_one yesnodont,health_gbv,Does this health facility have female staff or health services to treat women and girls?,"??? ???? ???? ??? ???? ????? ????? ??????? ????? ? ????? ???? ?????",??? ??? ???????? ???? ?? ? ??? ? ?????? ????? ????? ???????? ?? ????? ???? ????,,,,TRUE,"selected(${health_distance}, 'yes') or selected(${health_distance}, 'no_further')",,,,,,,,,
select_one yesnodont,health_use_recent,"In the last 3 months, has any resident of your settlement sought care at this health facility?",??? ???? ??? ???? ??? ?? 3 ??? ????? ???? ???? ??? ????? ????,??? ?? ???? 3 ?????? ?? ????? ? ??? ??? ?? ??? ???????? ???? ?? ?????? ??? ???,,,,TRUE,"selected(${health_distance}, 'yes') or selected(${health_distance}, 'no_further')",,,,,,,,,
select_one yesnodont,health_use_satisfy,Were they satisifed with the quality of the healthcare they received there?,??? ???? ?? ????? ????? ??? ?? ?????? ????? ???? ??????,??? ???? ??? ???????? ???? ???? ? ????? ??? ??? ???,,,,TRUE,"selected(${health_distance}, 'yes') or selected(${health_distance}, 'no_further')",,,,,,,,,
select_multiple health_unsatisfy,health_use_unsatisfy,What about the service was not to their satisfaction?,???? ????? ???? ????? ???? ???? ??????,??? ???????? ???? ? ???? ?????? ??? ???? ?? ???,,,,TRUE,"selected(${health_use_satisfy}, 'no') ",,,"(not((selected(., 'prefer_not')) and count-selected(.) >1)) and (not((selected(., 'dont_know')) and count-selected(.) >1))",Cannot select 'prefer not to answer' or 'don't know' and any other option,????? ???/??? ???? ?? ??????? ?? ?? ?? ?? ????? ??? ???? ?????? ???? ?????????,? ??? ?? ?? ?????? ???? ? ???? ??????? ??? ????? ??? ??????????,,,
text,health_use_unsatisfy_other,Specify other,???? ???? ?????,"???? ???? ?? ???.",,,,TRUE,"selected(${health_use_unsatisfy}, 'other') ",,,,,,,,,
select_multiple health_barrier,health_barrier,Did they face any barriers to accessing healthcare at this centre?,??? ?? ??? ???? ?????? ???? ?????? ?? ?????? ??? ??? ???? ????? ????,???? ?? ?? ???? ?? ? ?????? ????? ? ?????? ???? ?? ??? ?? ? ???? ?????? ??? ?? ????,,,,TRUE,"selected(${health_distance}, 'yes') or selected(${health_distance}, 'no_further')",,,"not((selected(., 'none')) and count-selected(.) >1)",Cannot select 'none' and any other option,????? ???/??? ???? ?? ?? ?? ?? ????? ??? ???? ?????? ???? ?????????,? ??? ???? ? ???? ??????? ??? ????? ??? ??????????,,,
text,health_barrier_other,Specify other,???? ???? ?????,"???? ???? ?? ???.",,,,TRUE,"selected(${health_barrier}, 'other') ",,,,,,,,,
select_one yesnodont,health_barrier_group,Are any specific groups more affected than others by these barriers to healthcare?,??? ???? ???? ????? ????? ?? ???? ??? ???? ?? ??? ????? ?????? ??? ??? ????? ??? ????,??? ? ?????? ????? ?? ???? ?? ???? ???? ??? ?? ???? ???  ??? ?????? ??? ?? ???,,,,TRUE,"selected(${health_distance}, 'yes') or selected(${health_distance}, 'no_further')",,,,,,,,,
select_multiple popn_group,health_barrier_who,Which groups are more affected?,???? ???? ???? ?? ????? ?????? ????,???? ??? ??? ?????? ??? ???? ?? ???,,,,TRUE,"selected(${health_barrier_group}, 'yes') ",,,"not((selected(., 'none')) and count-selected(.) >1)",Cannot select 'none' and any other option,????? ???/??? ???? ?? ?? ?? ?? ????? ??? ???? ?????? ???? ?????????,? ??? ???? ? ???? ??????? ??? ????? ??? ??????????,,,
text,health_barrier_who_other,Specify other,???? ???? ?????,"???? ???? ?? ???.",,,,TRUE,"selected(${health_barrier_who}, 'other') ",,,,,,,,,
select_multiple covid_cope,covid_coping,"What behaviours, if any, have you observed in residents of your settlement to deal with the coronavirus outbreak?","?? ???? ????? ?? ???????? ????? ??? ???? ?????? ?? ????  ????? ?? ????????? ?? ?????? ???? ????","? ????? ?????? ??? ? ?????? ?? ???? ??? ???? ? ??? ???? ?? ?????/???? ?? ?? ??? ???? ?????","Read options, select all that apply",????? ?? ?? ??????? ? ???? ?????? ?? ?????? ???? ?????? ????,"??????? ?????? ??? ??? ?????? ??? ?? ???? ????",TRUE,"(selected(${covid_aware}, 'yes')) or (selected(${covid_aware}, 'part'))",,,"not((selected(., 'none')) and count-selected(.) >1)",Cannot select 'none' and any other option,????? ???/??? ???? ?? ?? ?? ?? ????? ??? ???? ?????? ???? ?????????,? ??? ???? ? ???? ??????? ??? ????? ??? ??????????,,,
text,covid_coping_other,Specify other,???? ???? ?????,"???? ???? ?? ???.",,,,TRUE,"selected(${covid_coping}, 'other') ",,,,,,,,,
select_one yesnodont,mhpss_aware,Are you aware of any community-based support available for people in your settlement suffering from stress or issues with wellbeing?,??? ?? ???? ????? ??? ?? ????? ????? ????? ??? ????? ?? ?? ?? ????? ???????? ??? ?? ????? ????? ?? ????? ???? ?,??? ???? ? ????? ?? ??? ? ???? ????? ?????? ? ????? ? ??????? ??? ??? ???? ?? ???? ???? ??? ????? ???? ?? ?? ????? ???? ?? ????? ???? ???,,,,TRUE,,,,,,,,,,
select_multiple mhpss_services,mhpss_services,What are these services?,??? ????? ?????,?? ?? ??? ????? ???,"Read options, select all that apply",????? ?? ?? ??????? ? ???? ?????? ?? ?????? ???? ?????? ????,"??????? ?????? ??? ??? ?????? ??? ?? ???? ????",TRUE,"selected(${mhpss_aware}, 'yes') ",,,,,,,,,
text,mhpss_services_other,Specify other,???? ???? ?????,"???? ???? ?? ???.",,,,,"selected(${mhpss_services}, 'other') ",,,,,,,,,
select_one yesnodont,mhpss_use,Are they being used by residents of your settlement?,??? ??? ????? ???? ???????? ????? ??? ???? ??????? ???? ?? ??????,??? ????? ? ??? ????????? ? ?? ??? ?????? ??? ??? ?????,,,,TRUE,"selected(${mhpss_aware}, 'yes') ",,,,,,,,,
select_multiple mhpss_avoid,mhpss_use_why,What is the main reason why MOST residents are not using these services?,?? ???? ????? ??????? ???????? ?? ??? ????? ??????? ????????,? ??? ???? ?? ?? ??? ???? ??? ???? ?????? ??? ??? ?? ?????,,,,TRUE,"selected(${mhpss_use}, 'no') ",,,"(not((selected(., 'prefer_not')) and count-selected(.) >1)) and (not((selected(., 'dont_know')) and count-selected(.) >1))",Cannot select 'prefer not to answer' or 'don't know' and any other option,????? ???/??? ???? ?? ??????? ?? ?? ?? ?? ????? ??? ???? ?????? ???? ?????????,? ??? ?? ?? ?????? ???? ? ???? ??????? ??? ????? ??? ??????????,,,
text,mhpss_use_why_other,Specify other,???? ???? ?????,"???? ???? ?? ???.",,,,TRUE,"selected(${mhpss_use_why}, 'other') ",,,,,,,,,
select_multiple covid_impact,mhpss_secondary,What secondary impacts do you foresee for people in your settlement due to the coronavirus disease lockdown?,"??????? ??? ??? ? ???? ???? ????? ?????? ?? ??? ??????? ????? ????? ???????? ???? ??? ?????",? ?????????? ?????? ?? ???? ???????? ????? ? ??? ?? ???? ??? ??? ?????/??????? ??? ???,"Read options, select all that apply",????? ?? ?? ??????? ? ???? ?????? ?? ?????? ???? ?????? ????,"??????? ?????? ??? ??? ?????? ??? ?? ???? ????",TRUE,"selected(${covid_aware}, 'yes') ",,,"not((selected(., 'none')) and count-selected(.) >1)",Cannot select 'none' and any other option,????? ???/??? ???? ?? ?? ?? ?? ????? ??? ???? ?????? ???? ?????????,? ??? ???? ? ???? ??????? ??? ????? ??? ??????????,,,
text,mhpss_secondary_other,Specify other,???? ???? ?????,"???? ???? ?? ???.",,,,TRUE,"selected(${mhpss_secondary}, 'other') ",,,,,,,,,
end group,,,,,,,,,,,,,,,,,,
begin group,protection,Protection,?????,????????,,,,,"(selected(${consent},'yes'))",,,,,,,,,
note,protection_note,"Now I would like to ask about safety and security in your settlement, including relationships with host community, sharing of services, and land use and eviction.","???? ??????? ?? ???? ????? ? ?????? ????? ?????? ????  ?????? ?? ????? ??????? ???? ????? ????? ? ??????? ? ????? ?? ???? ??????","??? ?? ????? ????? ? ???????? (???) ? ??????? ?? ????? ?? ??? ?????? ????? ? ????? ????? ??? ? ????? ?? ????? ? ??????? ??????? ?? ? ???? ????? ?? ???.",,,,FALSE,,,,,,,,,,
select_one safe_likert,safe_likert,How would MOST people rate the safety and security from crime and conflict in your settlement in the past 3 months?,??????? ?????? ??? ???? ??? ?? 3 ??? ????? ????? ???? ??? ? ?? ???? ?? ????? ??????? ??????? ,?? ???? 3 ?????? ????? ? ???????? (???) ???? ????????? ? ??? ?? ????  ?? ???? ???????? ?? ????? ???? ??????,"Read options, select all that apply",????? ?? ?? ??????? ? ???? ?????? ?? ?????? ???? ?????? ????,"??????? ?????? ??? ??? ?????? ??? ?? ???? ????",TRUE,,,,,,,,,,
select_one safe_change,safety_change,Has the amount or severity of security incidents changed in the last 3 months?,??? ??? ?????? ?????? ?? 3 ??? ???? ???? ?????,??? ?? ???? 3 ?????? ?? ? ?????? ???? ?? ??? ?? ????? ?? ????? ??????,,,,TRUE,"not(selected(${safe_likert}, 'very_good'))",,,,,,,,,
select_one safe_change,safety_gbv,Has the amount or severity of security incidents against women and girls specifically changed in the last 3 months?,??? ?? ????? ? ??? ??????/?????? ?????? ?? ????? ???? ? ?????? ??????? ?? ?? ??? ????? ?????? ???? ????,"?? ???? 3 ?????? ??? ? ??? ?? ?????? ?? ?????? ? ?????? ???? ?? ????? ?? ??? ?? ??????? ??????",,,,TRUE,"(not(selected(${safe_likert}, 'very_good'))) and (not(selected(${safety_change}, 'dont_know')))",,,,,,,,,
select_one yesnodont,move_free_m,Are men and boys able to move freely in and out of the settlement? ,??? ??? ?? ??????? ?? ???? ?? ???? ???? ??? ???? ???? ???????? ,??? ?????? ????? ?? ?? ????? ???? ? ???????? (???)  ???? ?? ??? ?? ?? ?? ?? ?????,,,,TRUE,,,,,,,,,,
select_multiple movement,move_why_m,Why are men unable to move freely? ,?? ???? ???? ??? ?? ??????? ??? ???? ???? ????????? ,? ???? ?????? ?? ??? ?????? ??? ????? ?? ?? ????? ???? ?? ?? ?? ?????,,,,TRUE,"selected(${move_free_m}, 'no') ",,,,,,,,,
text,move_why__m_other,Specify other,???? ?? ???? ????? ,??? ???? ?? ???,,,,TRUE,"selected(${move_why_m}, 'other') ",,,,,,,,,
select_one yesnodont,move_free_f,Are women and girls able to move freely in and out of the settlement? ,??? ???? ?? ??????? ?? ???? ?? ???? ???? ??? ???? ???? ???????? ,??? ??? ????? ?? ?? ????? ???? ? ???????? (???)  ???? ?? ??? ?? ?? ?? ?? ?????,,,,TRUE,,,,,,,,,,
select_multiple movement,move_why_f,Why are women unable to move freely? ,?? ???? ???? ???? ?? ????? ??? ???? ???? ????????? ,? ???? ?????? ?? ??? ??? ??? ????? ?? ?? ????? ????  ?? ?? ?? ?? ?????,,,,TRUE,"selected(${move_free_f}, 'no') ",,,,,,,,,
text,move_why_f_other,Specify other,???? ?? ???? ????? ,??? ???? ?? ???,,,,TRUE,"selected(${move_why_f}, 'other') ",,,,,,,,,
select_one relationship,host_relation,How do you describe the social relationship between your settlement and the host community in your area?,????? ??????? ??? ???? ?????? ? ???? ??? ??? ?? ???? ??????? ??????? ,???? ?? ???? ?? ? ???????? (???) ?? ????? ?????? ????? ??????? ????? ???? ??????,,,,TRUE,,,,,,,,,,
select_one yesno,relocation,Has the Government or local authorities made any efforts to relocate the households in this settlement or forced residents to leave in the last 2 years?,??? ???? ?? ?????? ???? ???? ???? ?????? ??????? ??? ??? ???? ?? ????? ???? ??? ?? ??? ????? ??? ?? 2 ??? ????? ???? ??? ?,??? ????? ?? ???? ??????? ?? ??? ???????? (???) ?? ? ?????? ???? ?? ??? ???? ???? ??? ??? ?? ?? ?? ???? 2 ?????? ?? ????????? ???? ???????? ?? ?? ?????? ,,,,TRUE,,,,,,,,,,
select_one host_dispute,host_dispute,"If a resident of your community had a serious dispute with somebody from the host community, who would they go to for help?",??? ??? ?? ?????? ????? ??? ?? ???? ?? ????? ?????? ?????? ??? ????? ????? ???? ?? ?????? ?? ?? ?????? ??????? ,"?? ????? ? ????? ????????? ? ????? ????? ??? ?? ??? ??? ???? ??????? ??? ????? ?????? ????? ???? ??????","Read options, select one",????? ?? ?? ??????? ? ??? ?????? ????,"??????? ?????? ?? ?? ??? ???",TRUE,,,,,,,,,,
text,host_dispute_other,Specify other,???? ?? ???? ????? ,??? ???? ?? ???,,,,TRUE,"selected(${host_dispute}, 'other') ",,,,,,,,,
select_one yesnodont,comm_represent,Does your settlement have a community representation structure?,??? ???? ??? ???? ?????,??? ????? ??? ???? ????,,,,TRUE,,,,,,,,,,
select_one yesnodont,site_land,Do you know who owns the land on which this settlement sits?,??? ???? ??? ???? ?? ?? ???? ??? ?? ?? ???? ??? ?????????,??? ???? ??? ??? ????? ?? ? ??  ???? ????? ??? ?? ??? ??? ?? ?? ??? ???????? (???) ???? ???,,,,TRUE,,,,,,,,,,
select_one site_owner,site_land_owner,Who owns the land?,???? ???? ?? ??? ? (??? ???? ???? ?? ????????)  ,"?? ??? ????/???? ?? ?????) ?? ????? ? ?? ???",,,,TRUE,"selected(${site_land}, 'yes') ",,,,,,,,,
text,site_land_owner_other,Specify other,???? ?? ???? ????? ,??? ???? ?? ???,,,,TRUE,"selected(${site_land_owner}, 'other') ",,,,,,,,,
select_one yesnodont,rent,"Do residents have to pay any fees, monitary or in kind, to use the settlement land or live in shelters there?",??? ?????? ?? ??????? ???? ??????? ?? ???? ?? ????? ??? ????? ?????? ??? ?????????  ,??? ? ???????? (???) ????????? ? ???? ?????? ?? ???? ?? ??????? ?? ???? ???? ????? ????? ?? ??  ???? ?? ? ??? ?? ??? ?? ??? ?? ?? ??????,,,,TRUE,,,,,,,,,,
select_one yesnodont,eviction,"In the last 3 months, have any households in your settlement experienced an eviction from their shelter?",?? ?? ??? ????? ? ??? ???? ??????? ?? ???? ??? ????? ??? ???? ,??? ?? ???? 3 ?????? ?? ????? ?? ???????? (???) ?? ???? ????? ? ??? ??? ????? ???/??? ??? ???,,,,TRUE,,,,,,,,,,
select_multiple eviction,eviction_why,For what reason have the majority of these evictions occurred?,???? ???? ????? ???? ?? ???? ,? ????/?????? ???? ???? ?? ???,,,,TRUE,"selected(${eviction}, 'yes') ",,,,,,,,,
text,eviction_why_other,Specify other,???? ?? ???? ????? ,??? ???? ?? ???,,,,TRUE,"selected(${eviction_why}, 'other') ",,,,,,,,,
select_one yesnodont,eviction_threat,"In the last 3 months, have any households in your settlement been threatened with eviction from their shelter?",?? ?? ??? ????? ? ??? ???? ??????? ?? ???? ??? ????? ?? ????? ??? ???? ,"?? ???? 3 ?????? ??? ??? ????? ?? ???????? (???) ?? ???? ?????? ?? ? ????/?????? ???? ????",,,,TRUE,,,,,,,,,,
text,eviction_threat_other,Specify other,???? ?? ???? ????? ,??? ???? ?? ???,,,,,"selected(${eviction_threat}, 'other') ",,,,,,,,,
select_multiple threaten,eviction_threat_why,"In the last 3 months, who has been the source of these threats?",?? 3 ??? ????? ?? ???? ??? ??????? ?????,"?? ???? 3 ?????? ??? ??? ? ??? ??????? ?????? ???",,,,TRUE,"selected(${eviction_threat}, 'yes') ",,,,,,,,,
text,eviction_threat_why_other,Specify other,???? ?? ???? ????? ,??? ???? ?? ???,,,,TRUE,"selected(${eviction_threat_why}, 'other') ",,,,,,,,,
end group,,,,,,,,,,,,,,,,,,
begin group,esnfi,ESNFI,?????? ??????? ? ???? ??? ??? ????? ,????? ???????/????????? ????,,,,,"(selected(${consent},'yes'))",,,,,,,,,
note,shelter_note,Now I would like to ask you about the shelters and arrangements for living for most households.,???? ??? ?? ?? ???? ?????? ?? ? ????? ????? / ??? ??????? ?????? ???? ??????? ??????? ?? ?????? ?????? ???,??? ???? ?? ?? ? ???? ?????? ? ?????? ?? ?? ?? ???? ??? ? ??????? ?? ??? ?? ?????? ????,,,,FALSE,,yes,,,,,,,,
select_one shelter,shelter_type,What type of shelter do MOST people in your settlement live in?,??????? ?????? ???? ??? ?? ???? ??? ?????? ?????  ?????? ,????? ?? ???????? (???) ?? ??? ??? ?? ??? ??? ?????? /?????? ?? ???? ????,,,,TRUE,,,,,,,,,,
text,shelter_type_other,Specify other,???? ?? ???? ????? ,??? ???? ?? ???,,,,TRUE,"selected(${shelter_type}, 'other') ",,,,,,,,,
select_one accom,accom,What is the accommodation arrangement for most families in your settlement? ,?? ???? ??? ????? ??? ? ??? ?????? ??????? ?? ?? ??? ????,????? ?? ???????? (???) ?? ? ???? ?????? ? ??????? ????? ?? ??? ???,"Read options, select one",????? ?? ?? ??????? ? ??? ?????? ????,"??????? ?????? ?? ?? ??? ???",TRUE,,,,,,,,,,
text,accom_other,Specify other,???? ?? ???? ????? ,??? ???? ?? ???,,,,TRUE,"selected(${accom}, 'other') ",,,,,,,,,
select_one tenure,tenure,"Is the most common type of agreement for occupying the living space used by households written, verbal, or no agreement at all?","??? ????  ????? ??? ????? ????? ???? ???? ????? ???? ???  ???? ?????? ???????? ????? ? ?? ??? ??????? ??????   ","? ??? ? ????? ?? ???? ??? ???? ??? ?? ???? ??? ??? ????? ???? ?? ?? ??? ??? ??????? ?????",,,,TRUE,,,,,,,,,,
select_one tenure_written,tenure_written,What written document do most households posess?,??????? ??????? ???  ?? ??? ?????  ???? ????? ,???? ????? ??? ??? ???? ??? ????,"Read options, select one",????? ?? ?? ??????? ? ??? ?????? ????,"??????? ?????? ?? ?? ??? ???",TRUE,"selected(${tenure}, 'written') ",,,,,,,,,
text,tenure_written_other,Specify other,???? ?? ???? ????? ,??? ???? ?? ???,,,,TRUE,"selected(${tenure_written}, 'other') ",,,,,,,,,
integer,hh_rooms,What is the average number of rooms in most shelters in which household members sleep?,"??????? ?????? ??? ?? ?? ?? ????? ??????? ????? ?????? ??? ???? ???? ?????",?? ???? ??? ???? ??????? ?? ???? ?????  ??? ???? ??? ? ??? ????? ?? ????/??????? ????,,,,,,,,. <=10,Number of rooms must be 10 or less,????? ???? ?? ???? ???? ?? ????? ?? ?? ????,? ??????? ???? ???? ?? ?? ?? ?? ?? ?? ??,,,
select_one covid_shelter,covid_shelter,"If someone in your settlement becomes sick with symptoms of coronavirus, what kind of shelter or accommodation support would MOST households in your settlement prefer? ",???  ???? ?? ????? ??? ???? ??? ? ????? ????? ????? ?? ????? ???? ?????? ??????? ???  ???? ??? ???? ??? ?????? ?? ???? ?????? ????? ???????  ,"?? ????? ?? ???????? (???) ?? ??? ????? ? ?????????? ??? ????? ????? ?? ???????? (???) ?? ???? ????? ??? ??? ?????? ?? ? ?????? ??? ???? ???? ????","Read options, select one",????? ?? ?? ??????? ? ??? ?????? ????,"??????? ?????? ?? ?? ??? ???",TRUE,,,,,,,,,,
text,covid_shelter_other,Specify other,???? ?? ???? ????? ,??? ???? ?? ???,,,,TRUE,"selected(${covid_shelter}, 'other') ",,,,,,,,,
select_one yesnodont,covid_sitespace,Do you have adequate land in your setlement where these additional facilities can be constructed or set up?,?? ??? ?? ??? ????? ?????? ??? ???? ???? ????? ???? ????? ??????? ????? ?? ??? ,??? ???? ?? ??? ???????? (???) ?? ???? ???? ??? ??? ?? ?? ????? ??????? ??? ?? ????? ????,,,,TRUE,"selected(${covid_shelter}, 'tools') or selected(${covid_shelter}, 'tent') or selected(${covid_shelter}, 'temp_ward')",,,,,,,,,
select_one yesnodont,sim_card,Do MOST residents in your settlement have access to a sim card?,??? ?????? ?????? ????? ??? ?????? ?? ??????? ????? ,??? ????? ?? ???????? (???) ?? ??? ????????? ??? ???? ?? ?????? ????,,,,TRUE,,,,,,,,,,
end group,,,,,,,,,,,,,,,,,,
begin group,food_sec,Food Security and Livelihood,????? ????? ?  ????? ????? ,? ????? ???????? ?? ?????,,,,,"(selected(${consent},'yes'))",,,,,,,,,
note,fsl_note,"Now I would like to ask you about the markets used by residents, availability of items, and any aid distributions that happen in your settlement. ",???? ??????? ?? ???? ????? ?? ?????? ???  ???? ??? ?? ?? ??????? ??????? ????? ???? ????? ? ?? ????? ??? ?? ?? ?? ????? ??? ???? ????? ???? ????  ????? ? ,"??? ?? ????? ? ???????? ?? ???  ?? ??? ??? ????????? ??? ??? ????? ? ???? ????? ?? ??? ????? ? ??? ?? ??? ?? ????? ?? ???????? (???) ?? ????? ????? ?????? ?????",,,,FALSE,,yes,,,,,,,,
select_one livelihood,livelihood,Which income-generating activity do MOST people in your settlement engage in?,??????? ???? ???? ??? ???? ???? ????? ????? ???? ??? ?? ???? ??????,????? ? ??? ???? ??? ? ???? ? ??? ?? ?????? ????? ?? ??? ??? ?????? ????? ???,,,,TRUE,,,,,,,,,,
text,livelihood_other,Specify other,???? ?? ???? ????? ,??? ???? ?? ???,,,,TRUE,"selected(${livelihood}, 'other') ",,,,,,,,,
select_one work_change,work_change,How has work for MOSTsettlement residents changed due to movement and economic restrictions related to health concerns in the last 3 months?,"??? ?? 3 ??? ?????? ?? ???? ??????? ??? ??? ? ???? ? ??????? ????? ?? ?????? ??? ???? ?? ??? ??????? ?????? ??? ???? ????? ???? ????","??? ?? ???? 3 ?????? ??? ? ???????? ???????? ???? ? ?? ?? ?? ?? ??????? ???????? ? ???? ?? ??? ?? ??? ????? ???????",,,,TRUE,,,,,,,,,,
select_multiple unemploy_coping,unemploy_coping,Are any of the following actions being taken by settlement residents as a result of lack of employment?,"??? ?? ???? ??? ?????? ???  ????? ??? ? ???? ?????? ??? ??????? ?????",??? ? ??? ? ?? ???? ?? ????? ?? ? ???????? (???) ? ????????? ???? ????? ???? ???? ????? ????,"Read options, select all that apply",????? ?? ?? ??????? ? ???? ?????? ?? ?????? ???? ?????? ????,"??????? ?????? ??? ??? ?????? ??? ?? ???? ????",TRUE,,,,"not((selected(., 'dont_know')) and count-selected(.) >1)",Cannot select 'don't know' and any other option,????? ???/??? ???? ?? ??????? ?? ?? ?? ?? ????? ??? ???? ?????? ???? ?????????,? ??? ?? ?? ?????? ???? ? ???? ??????? ??? ????? ??? ??????????,,,
text,unemploy_coping_other,Specify other,???? ?? ???? ????? ,??? ???? ?? ???,,,,TRUE,"selected(${unemploy_coping}, 'other') ",,,,,,,,,
select_one health_2k,market_walking,Is there an accessible market within 2 km of your settlement?,??? ?? 2 ???? ???? ??? ???? ???? ??????/????? ???? ???? ?????,??? ??? ??? ?? 2 ???? ???? ?? ??? ?????/?????? ???? ????,,,,TRUE,,,,,,,,,,
select_one yesnodont,market_soldout,Have materials within this market sold out or become more difficult to find in the last 3 months?,??? ?? 3 ??? ????? ???? ???? ??? ? ?? ???? ???? ?? ???? ?? ??? ????? ?? ???? ?? ????? ????  ,"??? ?? ???? 3 ?????? ?? ?? ??? ????? ?? ???? ???? ???? ?? ???? ???? ?? ??????? ??? ???",,,,TRUE,"not(selected(${market_walking}, 'no_none')) ",,,,,,,,,
select_multiple market_item,soldout_item,Which materials have sold out or become harder to find?,???? ???? ???? ??? ???? ???? ??? ? ??  ???? ???? ?? ???? ???? ,"??? ???? ???? ???? ?? ????? ?? ??? ??? ???",,,,TRUE,"selected(${market_soldout}, 'yes') ",,,,,,,,,
text,soldout_item_other,Specify other,???? ?? ???? ????? ,??? ???? ?? ???,,,,TRUE,"selected(${soldout_item}, 'other') ",,,,,,,,,
select_multiple food_source,food_source,What are the main sources of food for people in the settlement?,???? ???? ???? ????? ?? ????? ??? ???? ???? ?????,???  ???????? (???) ? ???? ????? ? ????? ???? ?????? ???? ???,,,,TRUE,,,,,,,,,,
text,food_source_other,Specify other,???? ?? ???? ????? ,??? ???? ?? ???,,,,TRUE,"selected(${food_source}, 'other') ",,,,,,,,,
select_one yesnodont,food_access,Have residents had sufficient access to food (financially) to meet the needs of their households in the past 3 months?,??? ?????? ?? ?????? ???? ?? ???? ????? (?? ???? ????) ?? 3 ??? ???? ???? ????? ????? ??????? ????? ???? ,"??? ?? ???? 3 ?????? ?? ??? ??? ????????? ?? ???? ?????? (?? ???? ????) ?????? ???? ?? ?????? ?????? ???? ? ???? ?????? ??????? ???? ????",,,,TRUE,,,,,,,,,,
end group,,,,,,,,,,,,,,,,,,
begin group,aap,Accountability to Affected Populations,???? ???? ?? ????? ?????,??????? ???? ?? ???? ??????,,,,,"(selected(${consent},'yes'))",,,,,,,,,
select_one yesnodont,aid_provided,Do humanitarian agencies provide services to any households living in this informal settlement?,??? ??????/?????? ???? ?? ???? ??????? ?? ?? ???? ???? ??? ???? ????? ????? ?????/??? ?? ????? ??????,??? ???? ?????/????? ???? ?????? ?? ?? ??? ??? ???? ???????? ?? ???? ??? ?????/????? ?????? ????,,,,TRUE,,,,,,,,,,
select_multiple distribution,aid_type,What types of services are provided?,?? ??? ?????/??? ?? ????? ??????,??? ??? ?????/????? ?? ?????? ??? ???,,,,TRUE,"selected(${aid_provided}, 'yes') ",,,,,,,,,
text,aid_type_other,Specify other,???? ?? ???? ????? ,??? ???? ?? ???,,,,TRUE,"selected(${aid_type}, 'other') ",,,,,,,,,
select_one yesnodont,aid_govt,Have there been efforts made by local government or authorities to inform or provide additonal services to your settlement in relation to coronavirus risks?,??? ?????? ????? ?? ?????? ???? ????? ???? ????? ????? ?? ????? ????? ?? ????? ????? ????? ????  ???? ??? ???? ???? ???? ????,??? ???? ????? ?? ??????? ??? ??? ?? ????? ??? ?? ? ????? ????? ?? ?????? ????? ????? ?? ? ????? ?? ??? ??????? ???? ????,,,,TRUE,,,,,,,,,,
select_one services,aid_services,What were those additional services?,??? ????? ????? ???? ?? ????,??? ????? ????? ??? ???,,,,TRUE,"selected(${aid_govt}, 'yes') ",,,,,,,,,
text,aid_services_other,Specify other,???? ?? ???? ????? ,??? ???? ?? ???,,,,TRUE,"selected(${aid_services}, 'other') ",,,,,,,,,
end group,,,,,,,,,,,,,,,,,,
begin group,education,Education,????? ? ????? ,??? ??? /?????,,,,,"(selected(${consent},'yes'))",,,,,,,,,
note,edu_note,Now I would quickly like to ask you about educational facilities used by the settlement. This is the last section.,???? ?? ??????? ?? ???? ????? ??? ?????? ?? ?? ???? ??? ??????? ????? ?????. ??? ????? ??? ???.   ,"?? ???? ? ?????? ?????? ???? ??? ??? ???? ?? ????? ? ??? ?????? ?????? ?? ??? ?????? ???? ?? ??? ??? ??? ????? ??? ????",,,,FALSE,,yes,,,,,,,,
select_one health_2k,school_distance,Is there an accessible school within 2 km of your settlement?,??? ?? 2 ???? ???? ???? ??? ???? ???? ?????,??? ??? ??? ?? 2 ???? ???? ?? ??? ?????? ???? ????,,,,TRUE,,,,,,,,,,
select_one yesnodont,school_closed,Has this facility been closed in the last 3 months due to health concerns or movement restrictions?,"??? ?? ? ??? ?????? ??? ?????/????? ?? ???? ?????? ??? ???  ???? ??? ????",??? ?? ???? 3 ?????? ?? ???  ?????? ? ???????? ??????? ?? ???? ??? ????,,,,TRUE,"not(selected(${school_distance}, 'no_none'))",,,,,,,,,
select_multiple other_edu,school_alternatives,Are any other options for education available for children in your settlement?,??? ????? ????? ???? ????? ????? ?? ???? ??? ????? ???? ,??? ????? ?? ???????? (???) ?? ? ???????? ? ??? ??? ????? ??? ?? ???? ???? ????,"Read options, select all that apply",????? ?? ?? ??????? ? ???? ?????? ?? ?????? ???? ?????? ????,"??????? ?????? ??? ??? ?????? ??? ?? ???? ????",TRUE,"selected(${school_closed}, 'yes') ",,,"(not((selected(., 'no')) and count-selected(.) >1)) and (not((selected(., 'dont_know')) and count-selected(.) >1))",Cannot select 'no' or 'don't know' and any other option,????? ???/??? ???? ?? ??????? ?? ?? ?? ?? ????? ??? ???? ?????? ???? ?????????,? ??? ?? ?? ?????? ???? ? ???? ??????? ??? ????? ??? ??????????,,,
text,school_alt_other,Specify other,???? ?? ???? ????? ,??? ???? ?? ???,,,,,"selected(${school_alternatives}, 'other') ",,,,,,,,,
end group,,,,,,,,,,,,,,,,,,
note,thankyou,"Thank you very much for participating in the survey. Over the next year, it is possible we would like to survey your settlement again. We will continue to contact you through the phone number used here if that is necessary for assessments. We hope you will contimue to support OFDA and REACH's efforts to provide suppor to sites like your own. Thank you. ",?? ???? ??? ???? ???? ?????????. ??  ??? ???  ????? ?? ???? ??? ?? ???? ??? ?? ?????? ???? ????. ?? ??  ???? ????? ???? ?? ??? ???? ?????? ???? ??  ???? ?????.  ?? ????????? ?? ??? ?? ?????? ??? ?? OFDA ? REACH ?? ????? ?? ????? ???? ?????? ????. ????.   ," ????? ?? ???? ??? ???? ???? . ? ???????? ??? ?? ????? ??? ????? ??? ?? ???? ??? ????? ? ???????? (???) ???? ????. ???? ?? ???? ??? ? ?????? ????? ?? ???? ????? ?????. ?? ???? ? ?????? ????? ???? ????. ???? ???? ??? ?? ???? ?? OFDA ?? ? REACH ? ??? ????? ??? ?? ? ??? ??? ?? ??? ???? ???? ?? ????? ???? ???. ????",,,,FALSE,,yes,,,,,,,,
end,end_survey,,,,,,,,,,,,,,,,,
select_one location_fs,location_fs,location_fs,,,,,,,,,,,,,,,,
select_one ki_gender_age,ki_gender_age,% of KIs by gender and age,,,,,,,,,,,,,,,,
integer,idp_3mo_hhs_prop,Proprotion of ISETs reporting IDPS arriving in the 3 months prior,,,,,,,,,,,,,,,,
integer,caseload_hhs,Total humanitarian caseload households,,,,,,,,,,,,,,,,
integer,caseload_indvl,Total humanitarian caseload individuals,,,,,,,,,,,,,,,,
integer,caseload_prop,caseload_prop,,,,,,,,,,,,,,,,
integer,returnee_3mo_hhs_prop,Proportion of ISETs reporting returnees arriving in the 3 months prior,,,,,,,,,,,,,,,,
integer,total_hhs,Total households reported,,,,,,,,,,,,,,,,
integer,total_indvl,Total individuals reported,,,,,,,,,,,,,,,,
integer,hh_size,Average household size,,,,,,,,,,,,,,,,
integer,caseload_prop,caseload_prop,,,,,,,,,,,,,,,,
integer,prop_disability,% of households in district containing persons with disability,,,,,,,,,,,,,,,,
integer,vul_chronic,% of households in district containing chronic illness,,,,,,,,,,,,,,,,
integer,vul_chronic_fs,% of sites in which more the 5% of the population is comprised of hhs containing at least one member with a chronic illness,,,,,,,,,,,,,,,,
integer,vul_elderly,% of elderly persons in ISETs in the district,,,,,,,,,,,,,,,,
integer,vul_chronic_fs,% of sites in which more the 5% of the population is comprised of elderly individuals,,,,,,,,,,,,,,,,
integer,prop_female_hoh,% of female-headed households in district,,,,,,,,,,,,,,,,
integer,using_public_facility,% of sites in which KIs reported residents using public facilities for handwashing,,,,,,,,,,,,,,,,
integer,water_source_fs,% of sites reporting an unimproved wource of drinking water as main source,,,,,,,,,,,,,,,,
select_one yesno,services_proxy,services_proxy,,,,,,,,,,,,,,,,
select_one tenure_insecure,tenure_insecure,% of sites reporting insecure tenure,,,,,,,,,,,,,,,,
integer,vul_sleeping_space,"Average number of persons sleeping per room, with space to isolate",,,,,,,,,,,,,,,,
select_one region,region,region,,,,,,,,,,,,,,,,
integer,vul_sleeping_prop,Proportion of sites in which there is not enough space on average for all households members to sleep safely and isolate if ill,,,,,,,,,,,,,,,,
select_multiple health_unsatisfy_constraint,health_unsatisfy_constraint,"% of KIs reporting site satisfaction with health serveice, by those reporting to use the servinces in the last 3 months ",,,,,,,,,,,,,,,,
integer,hh_rooms_space_isolate,hh_rooms_space_isolate,,,,,,,,,,,,,,,,
select_one tenure_sec_insec,tenure_sec_insec,tenure_sec_insec,,,,,,,,,,,,,,,,
select_one access_toservice,access_toservice,access_toservice,,,,,,,,,,,,,,,,
select_one shelter_condition,shelter_condition,shelter_condition,,,,,,,,,,,,,,,,
select_one over_less_5years,over_less_5years,over_less_5years,,,,,,,,,,,,,,,,
select_one mixed_sep_popn,mixed_sep_popn,mixed_sep_popn,,,,,,,,,,,,,,,,
select_one return_status,return_status,return_status,,,,,,,,,,,,,,,,
select_one location_type,location_type,location_type,,,,,,,,,,,,,,,,
select_one site_type,site_type,site_type,,,,,,,,,,,,,,,,
integer,idp_discrete,idp_discrete,,,,,,,,,,,,,,,,
integer,prolong_discrete,prolong_discrete,,,,,,,,,,,,,,,,
integer,protract_discrete,protract_discrete,,,,,,,,,,,,,,,,
integer,refugee_discrete,refugee_discrete,,,,,,,,,,,,,,,,
integer,returnee_discrete,returnee_discrete,,,,,,,,,,,,,,,,
integer,economic_discrete,economic_discrete,,,,,,,,,,,,,,,,
integer,nomad_discrete,nomad_discrete,,,,,,,,,,,,,,,,
integer,idp_mixed,idp_mixed,,,,,,,,,,,,,,,,
integer,prolong_mixed,prolong_mixed,,,,,,,,,,,,,,,,
integer,protract_mixed,protract_mixed,,,,,,,,,,,,,,,,
integer,refugee_mixed,refugee_mixed,,,,,,,,,,,,,,,,
integer,returnee_mixed,returnee_mixed,,,,,,,,,,,,,,,,
integer,economic_mixed,economic_mixed,,,,,,,,,,,,,,,,
integer,nomad_mixed,nomad_mixed,,,,,,,,,,,,,,,,
select_one water_distance_fs,water_distance_fs,% of sites reporting no drinking water source within 2 km of the site,,,,,,,,,,,,,,,,
select_one health_distance_fs,health_distance_fs,% of sites reporting no health care centre in 2km of settlement ,,,,,,,,,,,,,,,,
select_one access_school,access_school,% of sites reporting access to school,,,,,,,,,,,,,,,,
select_one vulnerability_classification,vulnerability_classification,Vulnerability classification,,,,,,,,,,,,,,,,
integer,vulnerability_score,Vulnerability Composite,,,,,,,,,,,,,,,,
