province,nb_sites,idp_hhs,idp_indvl,prolonged_hhs,prolonged_indvl,protracted_hhs,protracted_indvl,refugee_hhs,refugee_indvl,returnee_hhs,returnee_indvl,economic_hhs,economic_indvl,nomad_hhs,nomad_indvl,host_hhs,host_indvl,iset_population_discrete,iset_population_mixed,location_urban,location_suburban,location_rural,idp_mixed,idp_discrete,prolong_mixed,prolong_discrete,protract_mixed,protract_discrete,refugee_mixed,refugee_discrete,returnee_mixed,returnee_discrete,economic_mixed,economic_discrete,nomad_mixed,nomad_discrete,migrant_population.idp,migrant_population.prolong,migrant_population.protract,migrant_population.refugee,migrant_population.returnee,relocate_plan_yes,relocate_plan_no,relocate_plan_dk,relocate_pushpull_1_label,relocate_pushpull_1_pct,relocate_pushpull_2_label,relocate_pushpull_2_pct,relocate_pushpull_3_label,relocate_pushpull_3_pct,five_years_yes,five_years_no,five_years_dk,idp_3mo_hhs,idp_prov_origin_1_label,idp_prov_origin_1_pct,idp_prov_origin_2_label,idp_prov_origin_2_pct,idp_prov_origin_3_label,idp_prov_origin_3_pct,returnee_3mo_hhs,returnee_origin_1_label,returnee_origin_1_pct,returnee_origin_2_label,returnee_origin_2_pct,returnee_origin_3_label,returnee_origin_3_pct,shelter_type_1_label,shelter_type_1_pct,shelter_type_2_label,shelter_type_2_pct,shelter_type_3_label,shelter_type_3_pct,tenure_insecure,hh_rooms,accom_1_label,accom_1_pct,accom_2_label,accom_2_pct,accom_3_label,accom_3_pct,host_relation_positive,host_relation_neutral,host_relation_negative,host_relation_prefer_not,eviction_threat_yes,eviction_threat_no,eviction_threat_dk,eviction_threat_local_auth,eviction_threat_gvt,eviction_threat_local_host_comm,eviction_threat_local_ot,comm_represent_yes,comm_represent_no,comm_represent_dk,relocation_yes,relocation_no,site_land_yes,site_land_no,site_land_dk,site_land_owner_gvt,site_land_owner_prv,site_land_owner_un,site_land_owner_common,site_land_owner_ot,water_distance_fs,water_source_fs,water_barrier_1_label,water_barrier_1_pct,water_barrier_2_label,water_barrier_2_pct,water_barrier_3_label,water_barrier_3_pct,health_distance_fs,health_satisfy_constraint_yes,health_satisfy_constraint_no,health_satisfy_constraint_dk,health_unsatisfy_constraint.crowded,health_unsatisfy_constraint.hours,health_unsatisfy_constraint.expensive,health_unsatisfy_constraint.drug_unavail,health_unsatisfy_constraint.staff_behave,health_unsatisfy_constraint.other,health_unsatisfy_constraint.dont_know,mhpss_aware_yes,mhpss_aware_no,mhpss_aware_dk,health_barrier_1_label,health_barrier_1_pct,health_barrier_2_label,health_barrier_2_pct,health_barrier_3_label,health_barrier_3_pct,safe_likert_verygood,safe_likert_good,safe_likert_neutral,safe_likert_poor,safe_likert_verypoor,move_free_m_yes,move_free_m_no,move_free_m_dk,move_why_m_1_label,move_why_m_1_pct,move_why_m_2_label,move_why_m_2_pct,move_why_m_3_label,move_why_m_3_pct,move_free_f_yes,move_free_f_no,move_free_f_dk,move_why_f_1_label,move_why_f_1_pct,move_why_f_2_label,move_why_f_2_pct,move_why_f_3_label,move_why_f_3_pct,livelihood_1_label,livelihood_1_pct,livelihood_2_label,livelihood_2_pct,livelihood_3_label,livelihood_3_pct,food_source_1_label,food_source_1_pct,food_source_2_label,food_source_2_pct,food_source_3_label,food_source_3_pct,vul_index_low,vul_index_moderate,vul_index_moderate_high,vul_index_high,covid_aware_yes,covid_aware_part,covid_aware_no,covid_concern_yes,covid_concern_no,covid_concern_dk,covid_info_1_label,covid_info_1_pct,covid_info_2_label,covid_info_2_pct,covid_info_3_label,covid_info_3_pct,covid_safeprac_1_label,covid_safeprac_1_pct,covid_safeprac_2_label,covid_safeprac_2_pct,covid_safeprac_3_label,covid_safeprac_3_pct,aid_govt_yes,aid_govt_no,aid_govt_dk,aid_services_1_label,aid_services_1_pct,aid_services_2_label,aid_services_2_pct,aid_services_3_label,aid_services_3_pct,vul_chronic_fs,soap_avail_yes,soap_avail_no,soap_avail_dk,using_public_facility,handwash_crowded_yes,handwash_crowded_no,handwash_crowded_dk,water_point_yes,water_point_no_further,water_point_no_none,tap_sanitize_all,tap_sanitize_some,tap_sanitize_no,tap_sanitize_dk,safety_change_increase,safety_change_decrease,safety_change_no,safety_change_dk,covid_coping_1_label,covid_coping_1_pct,covid_coping_2_label,covid_coping_2_pct,covid_coping_3_label,covid_coping_3_pct,mhpss_secondary_1_label,mhpss_secondary_1_pct,mhpss_secondary_2_label,mhpss_secondary_2_pct,mhpss_secondary_3_label,mhpss_secondary_3_pct,vul_sleeping_prop,covid_shelter_1_label,covid_shelter_1_pct,covid_shelter_2_label,covid_shelter_2_pct,covid_shelter_3_label,covid_shelter_3_pct,market_soldout_yes,market_soldout_no,market_soldout_dk,soldout_item_1_label,soldout_item_1_pct,soldout_item_2_label,soldout_item_2_pct,soldout_item_3_label,soldout_item_3_pct,work_change_fullstop,work_change_partstop,work_change_nostop,school_alternatives.other_facility,school_alternatives.home_school,school_alternatives.other,school_alternatives.no,school_alternatives.dont_know
badakhshan,41,7914,50720,4249,27175,7150,45643,345,2200,225,1249,10324,59030,0,0,16978,106860,24,76,12,0,54,62.16,22.22,69.7,44.44,70.27,26.666666666666668,7.5,2.631578947368421,21.95,0,55.56,23.81,0,0,65.85,75.61,73.17,9.76,21.95,22,78,0,No work opportunities available here,88,Better security where they are moving,62,Better opportunity for jobs,50,76,24,0,578,Badakhshan,100,Badghis,0,Baghlan,0,78,Iran,78,Pakistan,11,No agreement amongst Kis,11,Permanent shelter (mud),85,Permanent shelter (brick),5,Unfinished shelter (house),5,37,2.292682926829268,Own shelter WITH documentation,56,Rent shelter,15,Staying in shelter for free WITH owner's consent,12,88,12,0,0,5,93,2,50,0,50,0,93,7,0,54,46,100,0,0,5,95,0,0,0,29,0.1951219512195122,Long line/wait to access waterpoint,51,Waterpoints are too far,41,No barriers,32,63,63,37,0,80,0,60,100,50,0,0,22,78,0,Cost of medicines,79,Cost of transport,68,Insufficient capacity of health centre,53,5,39,22,17,17,88,12,0,Fear for Personal Safety,100,Government restrictions related to coronavirus,20,Debt Related Concerns,20,85,15,0,Fear for Personal Safety,100,Government restrictions related to coronavirus,33,Discrimination / harrassment from host community,17,Unskilled daily labour (without contract),85,Farming (cash crop),7,Small business / sale of goods or services,5,Purchase in markets outside the settlement,57,Purchase in markets inside the settlement,55,Provided from family and friends in the area,10,0,44,56,0,95,2,2,100,0,0,"Media (TV, radio)",90,Text message alerts,74,Community or religious leaders,51,Wash hands frequently,97,Avoid large crowds and gatherings,77,Self-isolate if experiencing symtoms,62,63,37,0,Information on the coronavirus preventive measures at COMMUNITY level,88,Food distribution,12,Information on the coronavirus preventive measures at HOUSEHOLD level,0,68.29268292682927,83,17,0,19.51219512195122,38,62,0,66,15,20,15,7,78,0,41,36,23,0,Angry / aggressive behaviour,51,"Multiple unexplained physical complaints (headaches, stomach pains etc.)",26,No unusual behavior,26,Increased poverty/no income,97,Increased insecurity,24,Community violence,13,71.7948717948718,Tools and materials (in cash/ in kind) to rapidly extend shelters to accommodate the sick,49,Renting of hotel/hostel to isolate sick individuals for 14 days,32,No preference for shelter aid,12,85,15,0,Food,100,Hand sanitizer and other hygiene materials,21,"Construction materials (wood, nails, cement bricks, glass, etc)",15,34,66,0,19.44,33.33,0,55.56,0
badghis,11,0,0,50,400,1360,8395,0,0,0,0,0,0,0,0,0,0,100,0,36,0,55,0,0,0,9.09,0,90.9090909090909,0,0,0,0,0,0,0,0,0,9.09,90.91,0,0,18,82,0,No work opportunities available here,100,Better access to services where they are moving,100,Better opportunity for jobs,100,18,73,9,0,NA,NA,NA,NA,NA,NA,0,NA,NA,NA,NA,NA,NA,Tents (emergency shelter),82,Permanent shelter (mud),18,Makeshift Shelter,0,82,1.1818181818181819,Rent shelter,73,Own shelter WITH documentation,18,Staying in shelter for free WITH owner's consent,9,9,91,0,0,0,100,0,NaN,NaN,NaN,NaN,100,0,0,0,100,100,0,0,0,100,0,0,0,64,0.36363636363636365,Waterpoints are too far,90,Unpleasant colour/taste/smell of water,30,Long line/wait to access waterpoint,0,73,67,33,0,100,66.67,66.67,33.33,33.33,0,0,0,82,18,Cost of transport,82,Cost of medicines,82,Long travel time,55,91,0,9,0,0,100,0,0,NA,NA,NA,NA,NA,NA,91,0,9,NA,NA,NA,NA,NA,NA,Unskilled daily labour (without contract),100,Small business / sale of goods or services,0,Skilled daily labour / (without contract),0,Purchase in markets inside the settlement,82,Provided from family and friends in the area,73,NGO food distributions,27,0,9,91,0,100,0,0,91,0,9,"UN, NGOs or INGOs",91,Healthcare workers,91,Text message alerts,55,Avoid large crowds and gatherings,100,Self-isolate if experiencing symtoms,73,Wash hands frequently,55,82,18,0,Information on the coronavirus preventive measures at COMMUNITY level,78,Provision of additional WASH services,11,Food distribution,11,54.54545454545454,9,82,9,18.181818181818183,0,100,0,36,55,9,0,0,100,0,100,0,0,0,No unusual behavior,100,Social withdrawal,0,Angry / aggressive behaviour,0,Increased poverty/no income,91,Increased health issues,18,Community violence,18,100,Provision of tents to accommodate sick persons inside the site,73,Tools and materials (in cash/ in kind) to rapidly extend shelters to accommodate the sick,18,No preference for shelter aid,9,73,18,9,Food,100,Tarpaulin sheets,50,Fuel / Heating materials,38,100,0,0,0,0,0,100,0
baghlan,83,7727,43995,4962,31155,6256,37425,300,800,4923,29303,5260,32251,0,0,38313,225640,16,84,60,0,16,80.28,46.15,87.32,57.14,84.51,52.17391304347826,2.41,0,79.45,40,48.05,13.04,0,0,83.13,89.16,86.75,2.41,81.93,18,82,0,No work opportunities available here,92,Better opportunity for jobs,58,Land dispute forced them off land / shelter,17,88,12,0,1716,Baghlan,85,Parwan,5,Samangan,3,791,Pakistan,50,Iran,41,Turkey,4,Permanent shelter (mud),90,Permanent shelter (brick),5,Damaged House,4,40,2.0481927710843375,Rent shelter,40,Own shelter WITH documentation,31,Staying in shelter for free WITH owner's consent,13,82,16,0,2,1,99,0,0,100,0,0,88,12,0,41,59,100,0,0,43,53,0,4,0,10,0.10843373493975904,Waterpoint has low capacity (runs out of water often),65,Long line/wait to access waterpoint,52,Unpleasant colour/taste/smell of water,30,53,41,57,2,93.1,3.45,96.55,96.55,41.38,0,0,4,96,0,Cost of medicines,83,Cost of transport,68,Cost of care/ treatment,51,4,57,18,17,5,89,11,0,Fear for Personal Safety,88,Government restrictions related to coronavirus,25,Discrimination / harrassment from host community,0,86,14,0,Fear for Personal Safety,91,Socio-cultural barriers between settlement members and host community,18,Government restrictions related to coronavirus,9,Unskilled daily labour (without contract),86,Farming (cash crop),6,Farming (livestock),5,Purchase in markets outside the settlement,64,Purchase in markets inside the settlement,58,Own production,35,0,33,65,2,100,0,0,100,0,0,"Media (TV, radio)",89,Text message alerts,89,Community or religious leaders,76,Wash hands frequently,92,Avoid large crowds and gatherings,77,Practice physical distancing,55,42,58,0,Information on the coronavirus preventive measures at COMMUNITY level,89,Food distribution,11,Information on the coronavirus preventive measures at HOUSEHOLD level,0,91.56626506024097,96,2,1,12.048192771084338,11,89,0,89,5,5,0,7,92,1,33,33,31,3,No unusual behavior,61,Angry / aggressive behaviour,32,"Multiple unexplained physical complaints (headaches, stomach pains etc.)",7,Increased poverty/no income,100,Lack of access for NGOs to provide services,42,Community violence,38,70.1492537313433,Tools and materials (in cash/ in kind) to rapidly extend shelters to accommodate the sick,40,Relocation of unsick family members to other relatives,39,No preference for shelter aid,13,71,29,0,Food,100,Hand sanitizer and other hygiene materials,29,"Construction materials (wood, nails, cement bricks, glass, etc)",4,30,69,1,35,41.25,0,45,0
balkh_province,88,11638,59660,9708,54294,27455,132905,0,0,3201,20860,864,4425,0,0,16834,81695,42,58,18,0,26,71.19,63.04,89.09,84.62,78.95,72.09302325581395,0,0,67.24,61.22,16.25,10.67,0,0,80.68,93.18,86.36,0,78.41,18,82,0,No work opportunities available here,87,Better opportunity for jobs,87,Better access to services where they are moving,80,83,17,0,3876,Balkh,37,Faryab,22,Jawzjan,9,439,Iran,78,Pakistan,22,Tajikistan,0,Permanent shelter (mud),84,Permanent shelter (brick),8,Tents (emergency shelter),7,34,2,Own shelter WITH documentation,52,Rent shelter,24,Staying in shelter for free WITH owner's consent,14,73,24,0,3,1,98,1,0,0,100,0,90,10,0,1,99,95,5,0,17,81,1,0,0,5,0.011363636363636364,Long line/wait to access waterpoint,55,Waterpoint has low capacity (runs out of water often),50,Unpleasant colour/taste/smell of water,32,66,76,21,4,76.47,5.88,88.24,94.12,17.65,0,0,7,93,0,Cost of medicines,93,Cost of care/ treatment,84,Cost of transport,72,3,85,8,2,1,92,8,0,Government restrictions related to coronavirus,86,Fear for Personal Safety,57,Discrimination / harrassment from host community,14,91,9,0,Government restrictions related to coronavirus,88,Fear for Personal Safety,50,Discrimination / harrassment from host community,25,Unskilled daily labour (without contract),59,Small business / sale of goods or services,25,Farming (cash crop),11,Purchase in markets inside the settlement,75,Purchase in markets outside the settlement,75,Own production,55,0,12,83,5,100,0,0,100,0,0,"Media (TV, radio)",98,Text message alerts,64,Healthcare workers,60,Wash hands frequently,96,Avoid large crowds and gatherings,93,Practice physical distancing,79,2,98,0,Information on the coronavirus preventive measures at HOUSEHOLD level,50,Information on the coronavirus preventive measures at COMMUNITY level,50,Councelling for vulnerable residents,0,84.0909090909091,95,5,0,23.863636363636363,11,89,0,97,3,0,1,2,96,0,20,8,65,6,No unusual behavior,96,"Multiple unexplained physical complaints (headaches, stomach pains etc.)",2,Angry / aggressive behaviour,1,Increased poverty/no income,98,Increased gender-based violence,61,Community violence,61,65.625,Relocation of unsick family members to other relatives,67,Tools and materials (in cash/ in kind) to rapidly extend shelters to accommodate the sick,17,Provision of tents to accommodate sick persons inside the site,10,44,53,1,Food,100,Hand sanitizer and other hygiene materials,36,Soap,23,30,70,0,21.43,52.38,0,44.05,0
bamyan_province,1,0,0,220,1540,0,0,0,0,80,560,0,0,0,0,0,0,100,0,100,0,0,0,0,NaN,100,0,0,0,0,NaN,100,0,0,0,0,0,100,0,0,100,0,100,0,NA,NA,NA,NA,NA,NA,100,0,0,0,NA,NA,NA,NA,NA,NA,10,Iran,100,Pakistan,0,Tajikistan,0,Permanent shelter (mud),100,Tents (emergency shelter),0,Makeshift Shelter,0,0,2,Own shelter WITHOUT documentation,100,Own shelter WITH documentation,0,Rent shelter,0,100,0,0,0,0,100,0,NaN,NaN,NaN,NaN,100,0,0,0,100,100,0,0,100,0,0,0,0,0,0,No barriers,100,Long line/wait to access waterpoint,0,Unpleasant colour/taste/smell of water,0,100,NA,NA,NA,NaN,NaN,NaN,NaN,NaN,NaN,NaN,0,100,0,NA,NA,NA,NA,NA,NA,0,100,0,0,0,100,0,0,NA,NA,NA,NA,NA,NA,100,0,0,NA,NA,NA,NA,NA,NA,Farming (cash crop),100,Small business / sale of goods or services,0,Unskilled daily labour (without contract),0,Purchase in markets outside the settlement,100,NGO food distributions,0,Purchase in markets inside the settlement,0,0,100,0,0,100,0,0,100,0,0,"UN, NGOs or INGOs",100,"Media (TV, radio)",100,Healthcare workers,100,Wash hands frequently,100,Practice physical distancing,100,Avoid large crowds and gatherings,100,0,100,0,NA,NA,NA,NA,NA,NA,100,100,0,0,0,NA,NA,NA,100,0,0,0,0,100,0,0,0,100,0,No unusual behavior,100,Social withdrawal,0,Angry / aggressive behaviour,0,Increased gender-based violence,100,Increased poverty/no income,100,Increased health issues,0,100,Provision of tents to accommodate sick persons inside the site,100,Tools and materials (in cash/ in kind) to rapidly extend shelters to accommodate the sick,0,Relocation of unsick family members to other relatives,0,0,100,0,NA,NA,NA,NA,NA,NA,0,0,100,0,0,0,100,0
farah,3,0,0,25,220,220,1210,0,0,0,0,0,0,0,0,1290,3385,0,100,0,0,100,0,0,33.33,0,66.67,0,0,0,0,0,0,0,0,0,0,33.33,66.67,0,0,0,100,0,NA,NA,NA,NA,NA,NA,33,67,0,0,NA,NA,NA,NA,NA,NA,0,NA,NA,NA,NA,NA,NA,Tents (emergency shelter),67,Permanent shelter (mud),33,Makeshift Shelter,0,100,1.3333333333333333,Staying in shelter for free WITH owner's consent,67,Rent shelter,33,Own shelter WITH documentation,0,0,33,33,33,0,100,0,NaN,NaN,NaN,NaN,100,0,0,0,100,100,0,0,33,67,0,0,0,33,0.3333333333333333,No barriers,67,Waterpoints are too far,33,Long line/wait to access waterpoint,0,0,100,0,0,NaN,NaN,NaN,NaN,NaN,NaN,NaN,0,100,0,Cost of medicines,67,Cost of care/ treatment,33,Insufficient capacity of health centre,33,33,0,0,0,67,33,67,0,Fear for Personal Safety,100,Debt Related Concerns,50,Discrimination / harrassment from host community,0,33,67,0,Fear for Personal Safety,100,Discrimination / harrassment from host community,0,Socio-cultural barriers between settlement members and host community,0,Unskilled daily labour (without contract),100,Small business / sale of goods or services,0,Skilled daily labour / (without contract),0,Purchase in markets inside the settlement,67,Purchase in markets outside the settlement,33,NGO food distributions,0,0,33,67,0,67,33,0,0,33,67,"UN, NGOs or INGOs",67,Healthcare workers,67,Family and friends,67,Avoid large crowds and gatherings,100,Self-isolate if experiencing symtoms,67,Wash hands frequently,33,100,0,0,Information on the coronavirus preventive measures at COMMUNITY level,100,Information on the coronavirus preventive measures at HOUSEHOLD level,0,Councelling for vulnerable residents,0,33.33333333333333,0,100,0,66.66666666666666,0,100,0,67,33,0,0,0,100,0,100,0,0,0,No unusual behavior,67,"Multiple unexplained physical complaints (headaches, stomach pains etc.)",33,Social withdrawal,0,Increased poverty/no income,100,Increased gender-based violence,50,Community violence,50,100,Provision of tents to accommodate sick persons inside the site,67,Relocation of unsick family members to other relatives,33,Tools and materials (in cash/ in kind) to rapidly extend shelters to accommodate the sick,0,33,67,0,Food,100,Soap,0,Hand sanitizer and other hygiene materials,0,100,0,0,0,0,0,100,0
faryab,43,1670,11460,6040,37665,8730,55480,0,0,1494,10539,735,5265,0,0,8641,57775,30,70,98,0,0,51.43,32,87.5,73.33,77.42,63.1578947368421,0,0,52.63,21.74,29.73,18.75,0,0,60.47,90.7,83.72,0,58.14,14,86,0,No work opportunities available here,100,Better access to services where they are moving,33,Better opportunity for jobs,33,74,26,0,704,Faryab,100,Badakhshan,0,Badghis,0,350,Iran,96,Pakistan,4,Tajikistan,0,Permanent shelter (mud),98,Makeshift Shelter,2,Tents (emergency shelter),0,12,2.604651162790698,Own shelter WITH documentation,53,Rent shelter,44,Staying in shelter for free WITHOUT owner's consent,2,98,2,0,0,5,95,0,0,0,100,0,100,0,0,12,88,100,0,0,2,95,0,2,0,16,0,Long line/wait to access waterpoint,45,No barriers,39,Waterpoint has low capacity (runs out of water often),24,72,74,26,0,69.23,7.69,53.85,100,46.15,0,0,14,86,0,Cost of medicines,79,Cost of transport,50,Long travel time,36,51,26,14,0,9,100,0,0,NA,NA,NA,NA,NA,NA,98,0,2,NA,NA,NA,NA,NA,NA,Unskilled daily labour (without contract),67,Small business / sale of goods or services,26,Farming (cash crop),5,Purchase in markets inside the settlement,70,Purchase in markets outside the settlement,61,Own production,21,0,37,56,7,100,0,0,95,5,0,"Media (TV, radio)",100,Community or religious leaders,76,Text message alerts,76,Wash hands frequently,97,Avoid large crowds and gatherings,91,Practice physical distancing,82,42,58,0,Information on the coronavirus preventive measures at COMMUNITY level,39,Food distribution,39,Information on the coronavirus preventive measures at HOUSEHOLD level,11,83.72093023255815,72,28,0,11.627906976744185,20,80,0,74,16,9,9,9,81,0,22,17,44,17,"Multiple unexplained physical complaints (headaches, stomach pains etc.)",58,No unusual behavior,30,"Increased substance intake (e.g. drugs, alcohol etc)",9,Increased poverty/no income,100,Lack of access for NGOs to provide services,67,Increased health issues,45,43.90243902439025,Tools and materials (in cash/ in kind) to rapidly extend shelters to accommodate the sick,56,No preference for shelter aid,19,Provision of tents to accommodate sick persons inside the site,14,51,49,0,Food,100,Hand sanitizer and other hygiene materials,33,Soap,22,26,74,0,24.39,14.63,0,65.85,0
ghazni_province,15,82,492,1490,8950,5012,24102,0,0,0,0,0,0,40,280,3135,19060,13,87,80,0,7,7.14,7.14,42.86,11.11,50,12.5,0,0,0,0,0,0,6.67,0,13.33,46.67,53.33,0,0,53,47,0,Better opportunity for jobs,75,Better security where they are moving,38,Better access to services where they are moving,25,87,13,0,24,Ghazni,100,Badakhshan,0,Badghis,0,0,NA,NA,NA,NA,NA,NA,Permanent shelter (mud),87,Makeshift Shelter,7,Permanent shelter (brick),7,33,3.1333333333333333,Rent shelter,60,Own shelter WITH documentation,27,Own shelter WITHOUT documentation,13,87,13,0,0,13,87,0,0,0,100,0,87,13,0,13,87,87,13,0,0,92,8,0,0,13,0,No barriers,86,Unpleasant colour/taste/smell of water,7,Waterpoints are too far,7,60,67,33,0,25,0,0,100,0,0,0,27,73,0,No barriers,50,Cost of medicines,25,Insufficient capacity of health centre,25,27,20,27,7,20,87,13,0,Fear for Personal Safety,100,Discrimination / harrassment from host community,0,Socio-cultural barriers between settlement members and host community,0,73,20,7,Fear for Personal Safety,100,Socio-cultural barriers between settlement members and host community,33,Discrimination / harrassment from host community,0,Unskilled daily labour (without contract),47,Small business / sale of goods or services,20,Farming (livestock),13,Purchase in markets inside the settlement,80,Purchase in markets outside the settlement,53,Own production,7,0,40,53,7,93,0,7,93,7,0,"Media (TV, radio)",79,Healthcare workers,29,Family and friends,29,Wash hands frequently,79,Self-isolate if experiencing symtoms,71,Practice physical distancing,57,20,80,0,Information on the coronavirus preventive measures at HOUSEHOLD level,33,Information on the coronavirus preventive measures at COMMUNITY level,33,Food distribution,33,86.66666666666667,73,20,7,13.333333333333334,0,100,0,87,13,0,15,23,31,31,73,18,9,0,Social withdrawal,57,"Multiple unexplained physical complaints (headaches, stomach pains etc.)",29,"Increased substance intake (e.g. drugs, alcohol etc)",14,Increased poverty/no income,100,Increased health issues,7,Increased gender-based violence,0,20,Provision of tents to accommodate sick persons inside the site,33,Relocation of unsick family members to other relatives,33,Tools and materials (in cash/ in kind) to rapidly extend shelters to accommodate the sick,20,50,50,0,Food,100,Cooking / kitchen materials,57,Soap,0,47,53,0,26.67,6.67,0,73.33,0
ghor,11,0,0,0,0,2232,14070,0,0,0,0,0,0,0,0,1020,6500,91,9,36,0,36,0,0,0,0,100,100,0,0,0,0,0,0,0,0,0,0,100,0,0,0,100,0,NA,NA,NA,NA,NA,NA,100,0,0,0,NA,NA,NA,NA,NA,NA,0,NA,NA,NA,NA,NA,NA,Permanent shelter (mud),91,Transitional Shelter,9,Tents (emergency shelter),0,45,1.9090909090909092,Own shelter WITH documentation,73,Own shelter WITHOUT documentation,9,Rent shelter,9,0,100,0,0,0,100,0,NaN,NaN,NaN,NaN,91,9,0,18,82,100,0,0,9,91,0,0,0,0,0,No barriers,82,Long line/wait to access waterpoint,18,Unpleasant colour/taste/smell of water,0,45,80,20,0,100,100,100,100,50,0,0,0,100,0,Cost of medicines,45,Cost of transport,36,Cost of care/ treatment,36,64,27,9,0,0,91,9,0,Fear for Personal Safety,100,Discrimination / harrassment from host community,0,Socio-cultural barriers between settlement members and host community,0,73,27,0,Fear for Personal Safety,100,Discrimination / harrassment from host community,0,Socio-cultural barriers between settlement members and host community,0,Unskilled daily labour (without contract),100,Small business / sale of goods or services,0,Skilled daily labour / (without contract),0,Purchase in markets outside the settlement,82,Purchase in markets inside the settlement,55,Own production,9,0,36,55,9,100,0,0,100,0,0,Text message alerts,91,Family and friends,73,Community or religious leaders,64,Self-isolate if experiencing symtoms,100,Avoid large crowds and gatherings,91,Do not touch your face,64,82,18,0,Information on the coronavirus preventive measures at COMMUNITY level,89,Information on the coronavirus preventive measures at HOUSEHOLD level,11,Councelling for vulnerable residents,0,9.090909090909092,45,55,0,100,27,73,0,100,0,0,0,27,73,0,100,0,0,0,No unusual behavior,100,Social withdrawal,0,Angry / aggressive behaviour,0,Increased poverty/no income,100,Increased insecurity,36,Community violence,27,100,Tools and materials (in cash/ in kind) to rapidly extend shelters to accommodate the sick,91,Provision of tents to accommodate sick persons inside the site,9,Relocation of unsick family members to other relatives,0,36,64,0,Food,100,Blankets and quilts,100,Fuel / Heating materials,75,100,0,0,0,0,0,100,0
helmand,24,1320,3681,1173,3710,1222,4895,150,550,540,2390,80,210,0,0,6405,33170,17,83,62,0,38,90.48,60,80.95,42.86,85.71,50,4.17,0,31.82,11.76,13.04,4.76,0,0,91.67,83.33,87.5,4.17,37.5,33,67,0,NA,NA,NA,NA,NA,NA,88,8,4,707,Helmand,77,Ghor,5,Kandahar,5,180,Pakistan,100,Iran,0,Tajikistan,0,Permanent shelter (mud),100,Tents (emergency shelter),0,Makeshift Shelter,0,46,5,Rent shelter,54,Own shelter WITH documentation,21,No agreement amongst Kis,17,58,4,0,38,33,62,4,87.5,0,12.5,0,79,21,0,42,58,92,8,0,9,91,0,0,0,46,0.16666666666666666,Waterpoint has low capacity (runs out of water often),56,Unpleasant colour/taste/smell of water,44,Waterpoints are unsafe,22,42,57,29,0,100,0,0,80,40,0,0,38,50,12,Long travel time,50,Insufficient capacity of health centre,50,Cost of care/ treatment,38,38,12,17,21,12,100,0,0,NA,NA,NA,NA,NA,NA,67,33,0,NA,NA,NA,NA,NA,NA,Unskilled daily labour (without contract),54,Farming (cash crop),33,No agreement amongst Kis,12,Purchase in markets outside the settlement,100,Purchase in markets inside the settlement,89,Own production,56,0,21,79,0,100,0,0,100,0,0,"Media (TV, radio)",100,Healthcare workers,56,Government,11,Wash hands frequently,100,Practice physical distancing,100,Self-isolate if experiencing symtoms,78,12,75,4,Information on the coronavirus preventive measures at HOUSEHOLD level,20,Information on the coronavirus preventive measures at COMMUNITY level,20,Provision of additional Health services,20,91.66666666666666,100,0,0,79.16666666666666,54,23,23,83,17,0,10,57,10,10,11,22,0,67,Social withdrawal,44,No unusual behavior,44,"Multiple unexplained physical complaints (headaches, stomach pains etc.)",22,Increased poverty/no income,100,Increased health issues,22,Community violence,11,12.5,Renting of hotel/hostel to isolate sick individuals for 14 days,50,Provision of tents to accommodate sick persons inside the site,25,No agreement amongst Kis,17,33,67,0,Food,100,Soap,100,Hand sanitizer and other hygiene materials,100,54,46,0,56.52,78.26,0,8.7,0
herat,20,0,0,0,0,19671,128702,0,0,0,0,0,0,0,0,1480,9100,65,35,95,0,0,0,0,0,0,100,100,0,0,0,0,0,0,0,0,0,0,100,0,0,5,95,0,NA,NA,NA,NA,NA,NA,90,10,0,0,NA,NA,NA,NA,NA,NA,0,NA,NA,NA,NA,NA,NA,Permanent shelter (mud),80,Tents (emergency shelter),15,Unfinished shelter (house),5,55,1.5,Own shelter WITH documentation,45,Staying in shelter for free WITH owner's consent,35,Staying in shelter for free WITHOUT owner's consent,10,0,85,0,15,0,100,0,NaN,NaN,NaN,NaN,95,5,0,50,50,100,0,0,20,80,0,0,0,15,0.05,No barriers,53,Long line/wait to access waterpoint,35,Waterpoints are too far,18,40,100,0,0,100,100,100,0,0,0,0,0,100,0,Cost of transport,53,Cost of medicines,53,Long travel time,47,95,0,0,0,5,100,0,0,NA,NA,NA,NA,NA,NA,95,5,0,NA,NA,NA,NA,NA,NA,Unskilled daily labour (without contract),90,Small business / sale of goods or services,5,Farming (cash crop),5,Purchase in markets outside the settlement,76,Purchase in markets inside the settlement,59,Provided from family and friends in the area,12,0,55,45,0,100,0,0,100,0,0,"UN, NGOs or INGOs",88,Healthcare workers,88,Community or religious leaders,71,Avoid large crowds and gatherings,94,Self-isolate if experiencing symtoms,76,Do not touch your face,59,95,5,0,Information on the coronavirus preventive measures at COMMUNITY level,79,Information on the coronavirus preventive measures at HOUSEHOLD level,21,Councelling for vulnerable residents,0,25,55,45,0,80,43,57,0,85,15,0,0,59,35,6,100,0,0,0,No unusual behavior,94,"Multiple unexplained physical complaints (headaches, stomach pains etc.)",6,Social withdrawal,0,Increased poverty/no income,100,Increased health issues,6,Increased gender-based violence,0,100,Tools and materials (in cash/ in kind) to rapidly extend shelters to accommodate the sick,80,Provision of tents to accommodate sick persons inside the site,15,No agreement amongst Kis,5,45,55,0,Fuel / Heating materials,88,Food,75,Blankets and quilts,62,90,5,5,0,0,0,94.44,5.56
jawzjan,34,1535,10102,3762,25578,4350,28870,0,0,2057,14353,920,5880,20,100,5928,41006,21,79,74,0,21,89.66,62.5,96.3,87.5,92.86,75,0,0,73.33,33.33,38.71,13.64,2.94,0,91.18,97.06,94.12,0,76.47,35,65,0,No work opportunities available here,86,Better opportunity for jobs,57,Better security where they are moving,43,74,24,0,884,Jawzjan,57,Faryab,43,Badakhshan,0,269,Iran,65,Pakistan,35,Tajikistan,0,Permanent shelter (mud),91,Permanent shelter (brick),6,Tents (emergency shelter),3,12,2.735294117647059,Own shelter WITH documentation,85,Rent shelter,9,Staying in shelter for free WITH owner's consent,3,100,0,0,0,6,94,0,50,0,50,0,88,12,0,18,82,100,0,0,6,94,0,0,0,9,0,Long line/wait to access waterpoint,59,No barriers,37,Waterpoint has low capacity (runs out of water often),26,50,73,27,0,90,20,20,100,30,0,0,15,85,0,Cost of medicines,78,Cost of transport,37,Insufficient capacity of health centre,37,65,24,12,0,0,97,3,0,Government restrictions related to coronavirus,100,Discrimination / harrassment from host community,0,Socio-cultural barriers between settlement members and host community,0,97,3,0,Government restrictions related to coronavirus,100,Discrimination / harrassment from host community,0,Socio-cultural barriers between settlement members and host community,0,Unskilled daily labour (without contract),50,Small business / sale of goods or services,29,Farming (cash crop),18,Purchase in markets outside the settlement,61,Purchase in markets inside the settlement,57,Own production,7,0,32,68,0,100,0,0,97,0,0,"Media (TV, radio)",96,Text message alerts,89,Government,71,Wash hands frequently,96,Avoid large crowds and gatherings,93,Self-isolate if experiencing symtoms,86,21,76,0,Food distribution,100,Information on the coronavirus preventive measures at HOUSEHOLD level,0,Information on the coronavirus preventive measures at COMMUNITY level,0,88.23529411764706,85,15,0,0,NA,NA,NA,79,6,12,0,4,96,0,45,18,27,9,"Multiple unexplained physical complaints (headaches, stomach pains etc.)",79,No unusual behavior,18,Angry / aggressive behaviour,4,Increased poverty/no income,100,Increased health issues,54,Lack of access for NGOs to provide services,54,44.11764705882353,Tools and materials (in cash/ in kind) to rapidly extend shelters to accommodate the sick,53,No preference for shelter aid,18,Relocation of unsick family members to other relatives,9,91,6,0,Food,100,Hand sanitizer and other hygiene materials,64,Soap,16,18,76,3,2.94,32.35,17.65,44.12,2.94
kabul_province,77,5065,30224,6168,37270,12740,84669,1175,10220,4496,30670,1272,8975,0,200,13657,85120,48,52,87,0,3,18.75,20,37.29,32.73,73.33,72.72727272727273,6.49,0,40,40,10.96,5.8,0,1.3,32.47,51.95,84.42,6.49,57.14,25,75,0,Better access to services where they are moving,50,No work opportunities available here,36,Better opportunity for jobs,36,96,4,0,1234,Nangarhar,27,Kunduz,18,Laghman,14,270,Pakistan,84,Iran,14,No agreement amongst Kis,2,Permanent shelter (mud),44,Makeshift Shelter,23,Tents (emergency shelter),19,48,2.090909090909091,Rent shelter,30,Staying in shelter for free WITH owner's consent,27,Own shelter WITH documentation,19,78,14,4,4,13,87,0,50,10,50,0,91,9,0,16,84,92,6,1,46,52,0,0,0,21,0.012987012987012988,Long line/wait to access waterpoint,57,Waterpoint has low capacity (runs out of water often),26,Waterpoints are too far,24,43,80,20,0,46.15,30.77,61.54,53.85,30.77,0,0,14,84,1,Cost of medicines,57,Cost of care/ treatment,26,No barriers,26,21,36,13,25,5,90,10,0,Fear for Personal Safety,83,Government restrictions related to coronavirus,50,Discrimination / harrassment from host community,0,78,22,0,Government restrictions related to coronavirus,62,Discrimination / harrassment from host community,38,Socio-cultural barriers between settlement members and host community,31,Unskilled daily labour (without contract),82,Small business / sale of goods or services,14,Skilled daily labour / (without contract),1,Purchase in markets inside the settlement,84,Purchase in markets outside the settlement,32,Own production,6,0,22,69,9,97,3,0,94,6,0,"Media (TV, radio)",98,Community or religious leaders,37,Government,34,Wash hands frequently,87,Avoid large crowds and gatherings,71,Practice physical distancing,60,25,74,1,Food distribution,42,Information on the coronavirus preventive measures at COMMUNITY level,32,Provision of additional WASH services,11,80.51948051948052,68,32,0,23.376623376623375,64,29,7,81,8,10,5,10,81,3,39,10,51,0,No unusual behavior,76,"Multiple unexplained physical complaints (headaches, stomach pains etc.)",16,Social withdrawal,6,Increased poverty/no income,100,Increased insecurity,34,Lack of access for NGOs to provide services,20,59.25925925925925,No preference for shelter aid,34,Provision of tents to accommodate sick persons inside the site,18,Renting of hotel/hostel to isolate sick individuals for 14 days,18,64,36,0,Food,100,Hand sanitizer and other hygiene materials,25,Soap,5,70,29,1,12.5,30.56,0,63.89,0
kandahar_province,122,9164,60765,14347,99617,14549,99943,703,3981,4955,29160,770,7230,350,2660,13379,110553,41,59,75,0,11,43.62,34.57,91.89,88.89,54.02,46.666666666666664,5.08,3.4482758620689653,22.22,14.29,10.08,2.73,2.52,2.52,56.56,95.08,67.21,8.2,31.15,11,89,0,Better opportunity for jobs,67,No work opportunities available here,50,Land dispute forced them off land / shelter,17,84,7,8,1395,Kandahar,40,Uruzgan,22,Helmand,18,360,Pakistan,100,Iran,0,Tajikistan,0,Permanent shelter (mud),86,Transitional Shelter,5,Makeshift Shelter,4,41,4.327868852459017,Rent shelter,48,Own shelter WITH documentation,25,Own shelter WITHOUT documentation,20,70,20,0,11,9,82,9,63.64,18.18,18.18,0,91,8,1,11,89,89,8,3,27,69,0,2,0,22,0.07377049180327869,No barriers,48,Cost is prohibitive i.e. water trucking,26,Waterpoint has low capacity (runs out of water often),23,48,70,26,2,56.25,37.5,68.75,75,37.5,0,0,43,53,4,Insufficient capacity of health centre,33,No barriers,32,Cost of medicines,28,40,21,11,25,2,99,1,0,Fear for Personal Safety,100,Discrimination / harrassment from host community,0,Socio-cultural barriers between settlement members and host community,0,78,20,2,Government restrictions related to coronavirus,60,Socio-cultural barriers between settlement members and host community,50,Discrimination / harrassment from host community,30,Unskilled daily labour (without contract),57,Farming (cash crop),16,Small business / sale of goods or services,16,Purchase in markets inside the settlement,77,Purchase in markets outside the settlement,59,Own production,24,11,43,43,4,97,2,1,98,2,0,"Media (TV, radio)",94,Healthcare workers,61,Government,44,Wash hands frequently,76,Practice physical distancing,75,Wear masks and gloves if experiencing symptoms,51,40,54,2,Information on the coronavirus preventive measures at HOUSEHOLD level,57,Information on the coronavirus preventive measures at COMMUNITY level,38,Councelling for vulnerable residents,2,52.892561983471076,80,19,1,26.229508196721312,71,29,0,82,18,0,15,20,57,8,47,21,12,20,No unusual behavior,51,Social withdrawal,46,"Multiple unexplained physical complaints (headaches, stomach pains etc.)",7,Increased poverty/no income,94,Increased health issues,26,Community violence,22,13.333333333333334,Provision of tents to accommodate sick persons inside the site,34,No preference for shelter aid,29,Renting of hotel/hostel to isolate sick individuals for 14 days,10,54,45,1,Food,100,Hand sanitizer and other hygiene materials,48,Soap,46,57,43,0,28.95,39.47,0,45.61,1.75
khost,42,2045,15940,982,7372,3963,25478,62,460,92,715,25,270,0,0,10998,74514,31,69,69,0,31,38.24,27.59,30.56,19.35,21.95,3.0303030303030303,7.14,0,12.5,5.41,2.44,2.44,0,0,50,40.48,23.81,7.14,16.67,33,67,0,Better opportunity for jobs,58,No work opportunities available here,42,Better security where they are moving,25,81,10,10,247,Paktika,40,Khost,13,Paktya,13,35,Pakistan,100,Iran,0,Tajikistan,0,Permanent shelter (mud),93,Tents (emergency shelter),2,Makeshift Shelter,2,50,2.761904761904762,Rent shelter,50,Own shelter WITH documentation,33,Own shelter WITHOUT documentation,10,76,24,0,0,12,76,12,20,0,80,0,86,10,5,5,95,76,5,19,9,88,0,3,0,29,0.19047619047619047,No barriers,42,Long line/wait to access waterpoint,39,Waterpoints are too far,24,62,84,10,6,66.67,33.33,33.33,100,0,0,0,21,57,21,Cost of transport,48,Cost of medicines,42,No barriers,35,67,12,14,2,5,95,2,2,Fear for Personal Safety,100,Discrimination / harrassment from host community,0,Socio-cultural barriers between settlement members and host community,0,86,12,2,Socio-cultural barriers between settlement members and host community,80,Fear for Personal Safety,40,Discrimination / harrassment from host community,20,Unskilled daily labour (without contract),50,Small business / sale of goods or services,38,Farming (cash crop),10,Purchase in markets inside the settlement,80,Purchase in markets outside the settlement,70,Provided from family and friends in the area,5,0,45,52,2,98,2,0,100,0,0,"Media (TV, radio)",90,Government,36,Healthcare workers,21,Wash hands frequently,82,Practice physical distancing,78,Self-isolate if experiencing symtoms,50,48,48,5,Information on the coronavirus preventive measures at HOUSEHOLD level,50,Information on the coronavirus preventive measures at COMMUNITY level,25,Food distribution,15,80.95238095238095,74,24,2,28.57142857142857,17,75,8,74,19,7,0,32,48,16,21,71,7,0,No unusual behavior,48,Social withdrawal,45,"Multiple unexplained physical complaints (headaches, stomach pains etc.)",8,Increased poverty/no income,100,Increased gender-based violence,28,Increased health issues,13,53.84615384615385,Tools and materials (in cash/ in kind) to rapidly extend shelters to accommodate the sick,36,Relocation of unsick family members to other relatives,36,Provision of tents to accommodate sick persons inside the site,12,39,54,7,Food,100,Clothing,62,Soap,56,55,45,0,43.9,34.15,0,46.34,2.44
kunar,64,1978,14917,4025,32458,5503,45443,218,1535,3948,32568,2078,18322,1,7,23986,190204,3,97,19,0,66,88.71,22.22,95.16,40,98.39,66.66666666666666,9.38,0,85.48,18.18,83.87,16.67,1.56,0,89.06,95.31,98.44,9.38,85.94,11,89,0,No work opportunities available here,67,Intimidation and harassment by host community/local authorities,33,Better security where they are moving,17,95,5,0,184,Kunar,80,Nuristan,15,Nangarhar,5,46,Pakistan,100,Iran,0,Tajikistan,0,Permanent shelter (mud),91,Permanent shelter (brick),8,Unfinished shelter (house),2,11,1.71875,Own shelter WITH documentation,92,Rent shelter,5,Own shelter WITHOUT documentation,2,73,19,2,6,6,89,5,0,0,100,0,98,0,2,5,95,100,0,0,3,97,0,0,0,14,0.0625,Long line/wait to access waterpoint,89,Waterpoints are too far,20,Unpleasant colour/taste/smell of water,6,56,80,19,2,42.86,50,42.86,71.43,7.14,0,0,5,88,8,Insufficient capacity of health centre,45,Cost of medicines,39,Cost of transport,35,89,2,5,0,5,100,0,0,NA,NA,NA,NA,NA,NA,100,0,0,NA,NA,NA,NA,NA,NA,Unskilled daily labour (without contract),50,Farming (cash crop),30,Small business / sale of goods or services,11,Purchase in markets inside the settlement,98,Purchase in markets outside the settlement,39,Own production,9,0,16,78,6,100,0,0,98,2,0,"Media (TV, radio)",80,Government,76,Community or religious leaders,65,Wash hands frequently,98,Practice physical distancing,67,Self-isolate if experiencing symtoms,56,5,91,5,Food distribution,67,Provision of additional Health services,33,Information on the coronavirus preventive measures at HOUSEHOLD level,0,81.25,53,42,2,68.75,22,78,0,88,11,2,0,0,98,2,0,0,100,0,Social withdrawal,96,Dangerous/risky behaviours,41,Angry / aggressive behaviour,39,Increased poverty/no income,80,Increased gender-based violence,72,Increased health issues,41,97.67441860465115,Tools and materials (in cash/ in kind) to rapidly extend shelters to accommodate the sick,91,Renting of hotel/hostel to isolate sick individuals for 14 days,5,Shelter repair support to upgrade and repair settlement shelters,3,45,53,2,Food,100,Hand sanitizer and other hygiene materials,80,Soap,60,59,41,0,7.81,87.5,0,10.94,0
kunduz_province,78,4070,24405,9479,59436,4745,30430,0,0,1133,4090,75,600,0,0,28868,192329,1,99,46,0,1,51.95,2.63,84.42,7.69,54.55,2.7777777777777777,0,0,11.54,0,3.85,0,0,0,52.56,84.62,55.13,0,11.54,13,87,0,Better opportunity for jobs,70,Better security where they are moving,40,No work opportunities available here,30,94,6,0,396,Kunduz,79,Badakhshan,7,Takhar,7,57,Pakistan,56,Iran,44,Tajikistan,0,Permanent shelter (mud),79,Permanent shelter (brick),18,Transitional Shelter,3,24,3.3461538461538463,Own shelter WITH documentation,47,Rent shelter,45,Own shelter WITHOUT documentation,6,71,29,0,0,8,78,14,50,16.67,33.33,16.67,95,5,0,3,97,100,0,0,15,85,0,0,0,4,0,No barriers,69,Long line/wait to access waterpoint,14,Unpleasant colour/taste/smell of water,13,38,60,35,5,40,6.67,86.67,80,53.33,0,0,23,74,3,Cost of medicines,49,No barriers,32,Insufficient capacity of health centre,28,23,1,32,36,8,95,5,0,Fear for Personal Safety,100,Government restrictions related to coronavirus,33,Discrimination / harrassment from host community,0,63,21,17,Fear for Personal Safety,87,Government restrictions related to coronavirus,47,Socio-cultural barriers between settlement members and host community,7,Unskilled daily labour (without contract),67,Small business / sale of goods or services,23,Skilled daily labour / (without contract),6,Purchase in markets inside the settlement,90,Provided from family and friends in the area,30,Purchase in markets outside the settlement,26,1,47,50,1,100,0,0,91,9,0,"Media (TV, radio)",96,Community or religious leaders,56,Text message alerts,51,Practice physical distancing,87,Wash hands frequently,65,Avoid large crowds and gatherings,64,37,62,1,Food distribution,62,Information on the coronavirus preventive measures at COMMUNITY level,31,Information on the coronavirus preventive measures at HOUSEHOLD level,7,55.84415584415584,77,22,1,21.794871794871796,24,71,6,97,3,0,4,14,78,4,93,3,3,0,Social withdrawal,58,"Multiple unexplained physical complaints (headaches, stomach pains etc.)",27,No unusual behavior,25,Increased poverty/no income,99,Community violence,55,Increased insecurity,30,29.87012987012987,No preference for shelter aid,54,Tools and materials (in cash/ in kind) to rapidly extend shelters to accommodate the sick,17,Relocation of unsick family members to other relatives,14,42,58,0,Food,100,Hand sanitizer and other hygiene materials,56,Fuel / Heating materials,34,69,31,0,8.11,35.14,0,60.81,2.7
laghman,59,4953,39384,7505,53230,10262,84486,200,1400,19618,158011,4720,37348,2193,18515,20100,164697,29,71,7,0,68,77.27,60,81.4,66.67,86.36,71.42857142857143,1.69,0,91.11,77.78,78.72,54.55,19.64,6.25,83.05,86.44,89.83,1.69,93.22,41,59,0,No work opportunities available here,94,Moving to be with family / friends,35,Better access to services where they are moving,18,97,3,0,1160,Laghman,85,Nangarhar,8,Kapisa,3,337.7,Pakistan,100,Iran,0,Tajikistan,0,Permanent shelter (mud),90,Permanent shelter (brick),8,Makeshift Shelter,2,81,2.3559322033898304,Own shelter WITH documentation,44,Own shelter WITHOUT documentation,34,Staying in shelter for free WITHOUT owner's consent,14,90,2,3,5,8,83,8,20,20,80,0,97,3,0,24,76,83,17,0,33,59,0,6,0,17,0.01694915254237288,Long line/wait to access waterpoint,56,Waterpoints are too far,51,Waterpoint has low capacity (runs out of water often),37,59,37,58,0,77.78,33.33,74.07,100,37.04,0,0,17,76,7,Insufficient capacity of health centre,72,Cost of care/ treatment,55,Cost of medicines,48,61,8,25,0,5,100,0,0,NA,NA,NA,NA,NA,NA,100,0,0,NA,NA,NA,NA,NA,NA,Unskilled daily labour (without contract),47,Farming (cash crop),34,Farming (livestock),10,Purchase in markets inside the settlement,73,Purchase in markets outside the settlement,61,Provided from family and friends in the area,34,0,19,78,3,100,0,0,98,2,0,"Media (TV, radio)",98,Community or religious leaders,80,Text message alerts,52,Wash hands frequently,89,Practice physical distancing,73,Self-isolate if experiencing symtoms,73,29,69,0,Information on the coronavirus preventive measures at COMMUNITY level,56,Food distribution,22,Provision of additional WASH services,17,66.10169491525424,22,73,3,45.76271186440678,11,89,0,86,14,0,2,2,84,12,23,0,59,18,Social withdrawal,86,Angry / aggressive behaviour,27,Dangerous/risky behaviours,20,Increased poverty/no income,100,Increased gender-based violence,59,Community violence,45,78.18181818181819,Tools and materials (in cash/ in kind) to rapidly extend shelters to accommodate the sick,42,No preference for shelter aid,22,Relocation of unsick family members to other relatives,15,48,48,2,Food,100,Hand sanitizer and other hygiene materials,25,Cooking / kitchen materials,25,93,7,0,15.79,71.93,0,26.32,1.75
logar,8,340,2085,275,2280,1115,7675,0,0,1250,11025,225,1625,0,0,1790,10950,0,100,100,0,0,87.5,0,87.5,0,100,NaN,0,0,75,0,87.5,0,0,0,87.5,87.5,100,0,75,38,62,0,Better security where they are moving,100,Moving to be with family / friends,50,Better opportunity for jobs,50,88,12,0,62,Logar,100,Badakhshan,0,Badghis,0,35,Pakistan,100,Iran,0,Tajikistan,0,Permanent shelter (mud),100,Tents (emergency shelter),0,Makeshift Shelter,0,0,2.375,Own shelter WITH documentation,75,Rent shelter,25,Own shelter WITHOUT documentation,0,100,0,0,0,38,62,0,0,0,66.67,33.33,100,0,0,25,75,100,0,0,12,88,0,0,0,0,0,No barriers,57,Waterpoint has low capacity (runs out of water often),43,Long line/wait to access waterpoint,14,75,88,12,0,100,100,0,100,100,0,0,0,100,0,Cost of medicines,100,Insufficient capacity of health centre,71,Cost of transport,57,25,0,62,12,0,100,0,0,NA,NA,NA,NA,NA,NA,100,0,0,NA,NA,NA,NA,NA,NA,Farming (cash crop),50,Small business / sale of goods or services,25,Unskilled daily labour (without contract),25,Purchase in markets inside the settlement,100,Own production,29,NGO food distributions,0,0,25,75,0,100,0,0,88,12,0,"Media (TV, radio)",100,Text message alerts,100,Family and friends,100,Wash hands frequently,100,Wear masks and gloves if experiencing symptoms,100,Self-isolate if experiencing symtoms,86,25,75,0,Food distribution,100,Information on the coronavirus preventive measures at HOUSEHOLD level,0,Information on the coronavirus preventive measures at COMMUNITY level,0,87.5,100,0,0,12.5,NA,NA,NA,100,0,0,0,0,100,0,100,0,0,0,"Multiple unexplained physical complaints (headaches, stomach pains etc.)",100,Social withdrawal,0,Angry / aggressive behaviour,0,Increased poverty/no income,100,Increased health issues,100,Lack of access for NGOs to provide services,100,62.5,Tools and materials (in cash/ in kind) to rapidly extend shelters to accommodate the sick,75,No preference for shelter aid,25,Provision of tents to accommodate sick persons inside the site,0,100,0,0,Food,100,Hand sanitizer and other hygiene materials,100,"Construction materials (wood, nails, cement bricks, glass, etc)",14,12,88,0,0,0,37.5,62.5,0
maidan_wardak,4,360,2440,430,2820,220,1500,0,0,55,380,65,470,0,0,650,4550,0,100,75,0,0,75,0,100,NaN,75,0,0,0,50,0,100,NaN,0,0,75,100,75,0,50,0,100,0,NA,NA,NA,NA,NA,NA,50,50,0,200,Maidan Wardak,100,Badakhshan,0,Badghis,0,10,Iran,100,Pakistan,0,Tajikistan,0,Permanent shelter (mud),75,Permanent shelter (brick),25,Tents (emergency shelter),0,0,2.75,Own shelter WITH documentation,50,Rent shelter,25,Staying in shelter for free WITH owner's consent,25,100,0,0,0,0,100,0,NaN,NaN,NaN,NaN,100,0,0,0,100,100,0,0,0,100,0,0,0,0,0,No barriers,75,Long line/wait to access waterpoint,25,Waterpoint has low capacity (runs out of water often),25,50,50,50,0,100,0,0,100,0,0,0,0,100,0,Cost of medicines,100,Concern for physical safety,50,Insufficient capacity of health centre,50,50,0,25,25,0,100,0,0,NA,NA,NA,NA,NA,NA,100,0,0,NA,NA,NA,NA,NA,NA,Small business / sale of goods or services,50,Unskilled daily labour (without contract),50,Skilled daily labour / (without contract),0,Purchase in markets inside the settlement,75,Purchase in markets outside the settlement,25,NGO food distributions,0,0,0,75,25,100,0,0,75,25,0,Community or religious leaders,100,"Media (TV, radio)",100,Text message alerts,100,Practice physical distancing,75,Self-isolate if experiencing symtoms,75,Wear masks and gloves if experiencing symptoms,75,0,100,0,NA,NA,NA,NA,NA,NA,100,75,25,0,0,NA,NA,NA,100,0,0,0,25,75,0,50,50,0,0,"Multiple unexplained physical complaints (headaches, stomach pains etc.)",100,Social withdrawal,0,Angry / aggressive behaviour,0,Increased poverty/no income,100,Increased health issues,100,Lack of access for NGOs to provide services,100,25,No preference for shelter aid,75,Tools and materials (in cash/ in kind) to rapidly extend shelters to accommodate the sick,25,Provision of tents to accommodate sick persons inside the site,0,100,0,0,Food,100,Hand sanitizer and other hygiene materials,100,Soap,25,0,100,0,0,0,0,100,0
nangarhar,73,5133,39820,13280,97350,25575,191420,0,0,29135,231660,2790,27470,5085,71545,17972,124262,37,63,1,0,79,46.15,42.86,83.33,75.76,97.87,96.29629629629629,0,0,93.75,89.29,22.95,20.34,8.96,8.96,61.64,89.04,98.63,0,95.89,21,79,0,No work opportunities available here,75,Moving to be with family / friends,50,Better access to services where they are moving,25,99,1,0,697,Nangarhar,51,Kunar,23,Laghman,6,197.7,Pakistan,100,Iran,0,Tajikistan,0,Permanent shelter (mud),82,Permanent shelter (brick),15,Transitional Shelter,1,12,2.6575342465753424,Own shelter WITH documentation,71,Own shelter WITHOUT documentation,14,Rent shelter,5,84,5,0,11,5,95,0,0,25,75,0,96,4,0,25,75,97,3,0,34,66,0,0,0,27,0.0136986301369863,Long line/wait to access waterpoint,63,Waterpoints are too far,39,Waterpoint has low capacity (runs out of water often),37,47,50,48,0,89.29,21.43,64.29,100,32.14,0,0,40,59,1,Cost of medicines,67,Cost of care/ treatment,61,Cost of transport,39,95,1,4,0,0,97,3,0,NA,NA,NA,NA,NA,NA,100,0,0,NA,NA,NA,NA,NA,NA,Unskilled daily labour (without contract),42,Small business / sale of goods or services,34,Farming (cash crop),14,Purchase in markets inside the settlement,81,Purchase in markets outside the settlement,69,Provided from family and friends in the area,19,0,34,66,0,100,0,0,99,1,0,"Media (TV, radio)",83,Community or religious leaders,60,Text message alerts,60,Wash hands frequently,98,Self-isolate if experiencing symtoms,79,Practice physical distancing,67,40,59,0,Information on the coronavirus preventive measures at COMMUNITY level,83,Information on the coronavirus preventive measures at HOUSEHOLD level,10,Food distribution,3,45.20547945205479,48,51,0,65.75342465753424,68,32,0,66,27,7,2,2,94,2,100,0,0,0,Angry / aggressive behaviour,74,Dangerous/risky behaviours,74,Social withdrawal,71,Increased poverty/no income,100,Increased gender-based violence,64,Increased health issues,45,33.87096774193548,Tools and materials (in cash/ in kind) to rapidly extend shelters to accommodate the sick,56,"Construction of a large temporary shelter (plastic tarpaulin, plywood, etc.) for 15-30 people to accommodate all sick individuals within the settlement",34,Renting of hotel/hostel to isolate sick individuals for 14 days,4,78,22,0,Food,96,Soap,54,Hand sanitizer and other hygiene materials,50,93,7,0,43.66,54.93,0,16.9,0
nuristan,18,1224,8185,1367,9610,1340,9410,20,140,1384,9788,360,2220,0,0,4026,29632,22,78,39,0,56,57.14,40,57.14,40,60,33.33333333333333,5.56,0,66.67,0,31.25,15.38,0,0,66.67,66.67,66.67,5.56,66.67,17,83,0,Intimidation and harassment by host community/local authorities,33,No work opportunities available here,33,Better access to services where they are moving,33,100,0,0,490,Nuristan,100,Badakhshan,0,Badghis,0,190,Pakistan,100,Iran,0,Tajikistan,0,Permanent shelter (mud),100,Tents (emergency shelter),0,Makeshift Shelter,0,39,2.5555555555555554,Own shelter WITH documentation,61,Own shelter WITHOUT documentation,17,Hosted in shelter by friends/family for free,17,56,28,6,11,0,100,0,NaN,NaN,NaN,NaN,94,6,0,11,89,78,22,0,14,79,0,7,0,6,0.1111111111111111,Long line/wait to access waterpoint,100,Waterpoints are too far,33,Waterpoint has low capacity (runs out of water often),7,17,12,82,0,93.33,13.33,100,100,0,0,0,6,89,6,Cost of care/ treatment,87,Cost of medicines,87,Long travel time,20,78,0,11,0,11,94,0,6,NA,NA,NA,NA,NA,NA,94,0,6,NA,NA,NA,NA,NA,NA,Unskilled daily labour (without contract),67,Farming (livestock),17,Farming (cash crop),11,Purchase in markets inside the settlement,81,Provided from family and friends in the area,69,Purchase in markets outside the settlement,31,0,22,61,17,94,0,6,100,0,0,Government,93,Community or religious leaders,93,"Media (TV, radio)",53,Wash hands frequently,100,Practice physical distancing,100,Self-isolate if experiencing symtoms,87,22,78,0,Information on the coronavirus preventive measures at COMMUNITY level,75,Information on the coronavirus preventive measures at HOUSEHOLD level,25,Councelling for vulnerable residents,0,50,6,94,0,72.22222222222221,91,9,0,94,6,0,0,0,100,0,25,25,50,0,Angry / aggressive behaviour,67,Social withdrawal,60,Dangerous/risky behaviours,40,Increased poverty/no income,100,Increased gender-based violence,87,Lack of access for NGOs to provide services,80,13.333333333333334,Tools and materials (in cash/ in kind) to rapidly extend shelters to accommodate the sick,83,Relocation of unsick family members to other relatives,11,"Construction of a large temporary shelter (plastic tarpaulin, plywood, etc.) for 15-30 people to accommodate all sick individuals within the settlement",6,50,50,0,Food,100,Hand sanitizer and other hygiene materials,75,Cooking / kitchen materials,75,100,0,0,0,16.67,0,83.33,0
paktika,15,145,1390,306,3500,45,510,12,70,162,1690,5,35,10,120,2640,26300,27,73,33,0,47,23.08,16.67,50,33.33,13.33,0,6.67,0,50,12.5,0,6.67,0,6.67,33.33,60,13.33,6.67,53.33,7,93,0,No work opportunities available here,100,Better access to services where they are moving,100,Intimidation and harassment by host community/local authorities,0,100,0,0,14,Paktika,50,Helmand,25,Paktya,25,28,Pakistan,88,Iran,12,Tajikistan,0,Permanent shelter (mud),93,Makeshift Shelter,7,Tents (emergency shelter),0,47,2.8,Own shelter WITH documentation,73,Rent shelter,13,Staying in shelter for free WITH owner's consent,13,87,13,0,0,0,87,13,NaN,NaN,NaN,NaN,100,0,0,0,100,73,7,20,9,91,0,0,0,33,0,Long line/wait to access waterpoint,86,Waterpoint has low capacity (runs out of water often),43,Waterpoints are too far,43,93,46,54,0,100,57.14,85.71,71.43,14.29,0,0,0,87,13,Cost of transport,69,Cost of medicines,62,Long travel time,31,60,0,40,0,0,100,0,0,NA,NA,NA,NA,NA,NA,80,20,0,Socio-cultural barriers between settlement members and host community,100,Debt Related Concerns,67,Fear for Personal Safety,33,Small business / sale of goods or services,73,Farming (cash crop),20,Farming (livestock),7,Purchase in markets outside the settlement,100,Purchase in markets inside the settlement,80,NGO food distributions,0,0,27,73,0,100,0,0,100,0,0,"Media (TV, radio)",100,Government,60,Family and friends,27,Wash hands frequently,67,Wear masks and gloves if experiencing symptoms,67,Practice physical distancing,47,80,20,0,Information on the coronavirus preventive measures at HOUSEHOLD level,33,Food distribution,33,Information on the coronavirus preventive measures at COMMUNITY level,17,100,93,7,0,40,50,33,17,67,33,0,0,40,50,10,0,83,17,0,No unusual behavior,93,Social withdrawal,7,Angry / aggressive behaviour,0,Increased poverty/no income,93,Increased health issues,60,Increased gender-based violence,40,80,Tools and materials (in cash/ in kind) to rapidly extend shelters to accommodate the sick,73,Relocation of unsick family members to other relatives,20,Renting of hotel/hostel to isolate sick individuals for 14 days,7,40,53,7,Food,100,Clothing,83,Soap,33,27,73,0,53.33,60,0,20,0
paktya,16,1380,4495,1100,6470,1208,7565,0,0,140,510,30,65,0,0,1082,7835,25,75,75,0,12,50,22.22,75,57.14,42.86,20,0,0,26.67,8.33,6.25,0,0,0,56.25,81.25,50,0,31.25,12,88,0,Better opportunity for jobs,100,Intimidation and harassment by host community/local authorities,0,Land dispute forced them off land / shelter,0,69,6,25,354,Logar,22,Paktika,22,Helmand,11,85,Pakistan,100,Iran,0,Tajikistan,0,Permanent shelter (mud),81,Makeshift Shelter,12,Transitional Shelter,6,25,4.5625,Rent shelter,62,Own shelter WITHOUT documentation,25,Own shelter WITH documentation,6,44,38,0,19,12,75,12,100,0,0,0,94,6,0,19,81,69,6,25,27,73,0,0,0,6,0.3125,Cost is prohibitive i.e. water trucking,43,Waterpoint has low capacity (runs out of water often),36,No barriers,29,38,29,71,0,60,100,60,100,40,0,0,56,31,12,Cost of care/ treatment,64,Insufficient capacity of health centre,64,Cost of transport,50,6,50,19,25,0,100,0,0,NA,NA,NA,NA,NA,NA,75,25,0,Government restrictions related to coronavirus,100,Discrimination / harrassment from host community,33,Socio-cultural barriers between settlement members and host community,33,Unskilled daily labour (without contract),75,Skilled daily labour / (without contract),12,Small business / sale of goods or services,6,Purchase in markets inside the settlement,86,Purchase in markets outside the settlement,64,Own production,50,0,38,62,0,100,0,0,100,0,0,"Media (TV, radio)",86,Healthcare workers,71,Government,57,Practice physical distancing,93,Wash hands frequently,86,Wear masks and gloves if experiencing symptoms,50,50,44,6,Information on the coronavirus preventive measures at HOUSEHOLD level,50,Information on the coronavirus preventive measures at COMMUNITY level,25,Councelling for vulnerable residents,12,75,94,6,0,62.5,60,40,0,94,6,0,27,7,53,13,38,23,0,38,No unusual behavior,71,Social withdrawal,29,Angry / aggressive behaviour,0,Increased poverty/no income,100,Increased health issues,43,Increased insecurity,43,6.25,Provision of tents to accommodate sick persons inside the site,44,Renting of hotel/hostel to isolate sick individuals for 14 days,25,Relocation of unsick family members to other relatives,12,62,38,0,Food,90,Soap,70,Hand sanitizer and other hygiene materials,70,81,19,0,31.25,18.75,0,50,12.5
samangan,56,0,0,2096,12201,2302,15621,0,0,130,1210,80,500,0,0,6695,43505,29,71,21,0,41,0,0,52,20,28.89,25.581395348837212,0,0,5.36,0,0,1.79,0,0,0,57.14,42.86,0,5.36,5,95,0,Better access to services where they are moving,67,Moving to be with family / friends,33,Intimidation and harassment by host community/local authorities,0,79,21,0,0,NA,NA,NA,NA,NA,NA,0,Pakistan,100,Iran,0,Tajikistan,0,Permanent shelter (mud),91,Permanent shelter (brick),4,Unfinished shelter (house),4,32,2.732142857142857,Own shelter WITH documentation,64,Own shelter WITHOUT documentation,34,Staying in shelter for free WITH owner's consent,2,91,2,7,0,0,100,0,NaN,NaN,NaN,NaN,79,21,0,21,79,96,4,0,41,57,0,2,0,9,0.375,No barriers,45,Long line/wait to access waterpoint,27,Unpleasant colour/taste/smell of water,25,62,54,44,2,36.36,22.73,100,86.36,45.45,0,0,5,91,4,Cost of medicines,66,Cost of care/ treatment,54,Cost of transport,45,82,4,0,2,12,98,2,0,Discrimination / harrassment from host community,100,Socio-cultural barriers between settlement members and host community,100,Government restrictions related to coronavirus,0,93,7,0,Socio-cultural barriers between settlement members and host community,100,Discrimination / harrassment from host community,25,Government restrictions related to coronavirus,0,Farming (cash crop),41,Small business / sale of goods or services,29,Unskilled daily labour (without contract),20,Purchase in markets inside the settlement,86,Purchase in markets outside the settlement,68,Own production,57,0,43,57,0,93,7,0,95,5,0,"Media (TV, radio)",98,Text message alerts,89,Family and friends,89,Wash hands frequently,82,Self-isolate if experiencing symtoms,79,Avoid large crowds and gatherings,70,12,88,0,Information on the coronavirus preventive measures at HOUSEHOLD level,100,Information on the coronavirus preventive measures at COMMUNITY level,0,Councelling for vulnerable residents,0,85.71428571428571,93,5,2,0,NA,NA,NA,80,12,7,11,0,89,0,100,0,0,0,No unusual behavior,93,Social withdrawal,7,Angry / aggressive behaviour,4,Increased poverty/no income,90,Increased insecurity,10,"Nothing, continue daily life as normal",10,47.27272727272727,Tools and materials (in cash/ in kind) to rapidly extend shelters to accommodate the sick,91,Relocation of unsick family members to other relatives,4,No preference for shelter aid,4,18,82,0,Food,100,Fuel / Heating materials,70,Hand sanitizer and other hygiene materials,30,20,73,7,37.5,29.17,0,41.67,0
sar_e_pul_province,67,2101,12426,7914,50254,6669,45667,0,0,1719,11466,0,0,0,0,31414,194014,21,79,90,0,3,64.91,33.33,62.71,26.67,53.7,34.21052631578947,0,0,88.68,70,0,0,0,0,70.15,67.16,62.69,0,91.04,21,79,0,No work opportunities available here,45,Better security where they are moving,45,Better opportunity for jobs,27,93,6,1,1271,Sar-e-Pul,95,Balkh,2,Helmand,2,1006,Iran,77,Pakistan,18,Other,5,Permanent shelter (mud),94,Makeshift Shelter,3,Permanent shelter (brick),3,4,3.298507462686567,Own shelter WITH documentation,81,Rent shelter,16,Own shelter WITHOUT documentation,1,87,10,3,0,0,99,1,NaN,NaN,NaN,NaN,94,6,0,4,96,96,1,3,2,97,0,2,0,22,0.13432835820895522,No barriers,37,Waterpoint has low capacity (runs out of water often),35,Waterpoints are too far,34,58,69,26,3,55.56,16.67,83.33,83.33,5.56,0,0,9,78,13,Cost of medicines,63,Cost of transport,39,Cost of care/ treatment,35,60,13,21,4,1,96,4,0,Fear for Personal Safety,100,Discrimination / harrassment from host community,0,Socio-cultural barriers between settlement members and host community,0,94,6,0,Fear for Personal Safety,100,Discrimination / harrassment from host community,0,Socio-cultural barriers between settlement members and host community,0,Unskilled daily labour (without contract),37,Small business / sale of goods or services,30,Farming (cash crop),27,Purchase in markets outside the settlement,86,Purchase in markets inside the settlement,59,Own production,14,1,51,46,1,100,0,0,100,0,0,"Media (TV, radio)",98,Text message alerts,59,Family and friends,49,Wash hands frequently,94,Practice physical distancing,81,Avoid large crowds and gatherings,73,48,52,0,Food distribution,50,Information on the coronavirus preventive measures at COMMUNITY level,44,Provision of additional Health services,3,94.02985074626866,84,15,1,37.3134328358209,9,78,13,88,12,0,0,39,53,8,17,21,58,4,No unusual behavior,94,"Multiple unexplained physical complaints (headaches, stomach pains etc.)",5,Social withdrawal,2,Increased poverty/no income,98,Increased health issues,37,Increased gender-based violence,11,20.8955223880597,No preference for shelter aid,67,Relocation of unsick family members to other relatives,12,Renting of hotel/hostel to isolate sick individuals for 14 days,10,26,62,11,Food,100,Hand sanitizer and other hygiene materials,53,Cooking / kitchen materials,47,27,72,1,35.82,74.24,0,19.7,1.52
takhar,70,1985,11111,1654,9043,1699,9651,20,100,844,5054,85,430,0,0,17049,101621,1,99,51,0,27,71.01,4.76,81.16,7.14,69.57,4.545454545454546,1.43,0,67.14,0,2.86,0,0,0,71.43,81.43,70,1.43,67.14,13,87,0,Better opportunity for jobs,56,No work opportunities available here,44,Better access to services where they are moving,22,93,6,1,380,Takhar,78,Kunduz,16,Badakhshan,5,177,Iran,74,Pakistan,19,Tajikistan,2,Permanent shelter (mud),94,Permanent shelter (brick),4,Transitional Shelter,1,49,2.7857142857142856,Own shelter WITH documentation,57,Rent shelter,27,Own shelter WITHOUT documentation,7,94,4,1,0,1,99,0,100,0,0,0,97,3,0,3,97,100,0,0,3,97,0,0,0,24,0.2571428571428571,Long line/wait to access waterpoint,41,Unpleasant colour/taste/smell of water,38,Waterpoint has low capacity (runs out of water often),29,77,57,38,5,75,6.25,56.25,68.75,50,0,0,0,97,3,Cost of medicines,72,Cost of care/ treatment,49,Insufficient capacity of health centre,45,19,49,23,7,3,96,4,0,Fear for Personal Safety,100,Discrimination / harrassment from host community,0,Socio-cultural barriers between settlement members and host community,0,89,11,0,Fear for Personal Safety,100,Discrimination / harrassment from host community,0,Socio-cultural barriers between settlement members and host community,0,Unskilled daily labour (without contract),69,Farming (cash crop),24,Small business / sale of goods or services,6,Purchase in markets outside the settlement,94,Purchase in markets inside the settlement,71,Own production,24,0,21,70,9,100,0,0,96,4,0,"Media (TV, radio)",100,Community or religious leaders,64,Text message alerts,28,Wash hands frequently,89,Practice physical distancing,76,Avoid large crowds and gatherings,49,10,90,0,Food distribution,57,Information on the coronavirus preventive measures at COMMUNITY level,43,Information on the coronavirus preventive measures at HOUSEHOLD level,0,87.14285714285714,73,26,1,20,43,57,0,74,19,7,6,15,73,6,39,16,42,4,"Multiple unexplained physical complaints (headaches, stomach pains etc.)",41,No unusual behavior,37,Social withdrawal,21,Increased poverty/no income,99,Lack of access for NGOs to provide services,49,Community violence,29,40.57971014492754,No preference for shelter aid,46,Relocation of unsick family members to other relatives,16,Tools and materials (in cash/ in kind) to rapidly extend shelters to accommodate the sick,14,14,86,0,Food,100,Fuel / Heating materials,33,Soap,22,24,61,14,43.08,49.23,0,36.92,0
uruzgan,4,20,90,1200,7500,910,6970,0,0,0,0,0,0,0,0,700,4100,25,75,75,0,0,25,0,100,100,100,100,0,0,0,0,0,0,0,0,25,100,100,0,0,25,75,0,NA,NA,NA,NA,NA,NA,100,0,0,2,Helmand,100,Badakhshan,0,Badghis,0,0,NA,NA,NA,NA,NA,NA,Permanent shelter (mud),100,Tents (emergency shelter),0,Makeshift Shelter,0,25,4.25,Rent shelter,100,Own shelter WITH documentation,0,Own shelter WITHOUT documentation,0,100,0,0,0,0,100,0,NaN,NaN,NaN,NaN,75,25,0,0,100,100,0,0,0,100,0,0,0,50,0,No barriers,100,Long line/wait to access waterpoint,0,Unpleasant colour/taste/smell of water,0,50,100,0,0,0,0,0,0,100,0,0,75,25,0,No barriers,100,Don't know where to go,0,Cost of transport,0,75,0,0,0,25,75,25,0,NA,NA,NA,NA,NA,NA,75,25,0,NA,NA,NA,NA,NA,NA,Unskilled daily labour (without contract),100,Small business / sale of goods or services,0,Skilled daily labour / (without contract),0,Purchase in markets inside the settlement,100,NGO food distributions,0,Purchase in markets outside the settlement,0,0,75,25,0,100,0,0,100,0,0,Government,100,"Media (TV, radio)",100,Healthcare workers,100,Wash hands frequently,100,Practice physical distancing,100,Self-isolate if experiencing symtoms,100,0,100,0,NA,NA,NA,NA,NA,NA,25,100,0,0,25,NA,NA,NA,75,25,0,0,0,100,0,100,0,0,0,No unusual behavior,100,Social withdrawal,0,Angry / aggressive behaviour,0,Increased poverty/no income,100,Increased gender-based violence,0,Increased health issues,0,25,Provision of tents to accommodate sick persons inside the site,100,Tools and materials (in cash/ in kind) to rapidly extend shelters to accommodate the sick,0,Relocation of unsick family members to other relatives,0,0,100,0,NA,NA,NA,NA,NA,NA,25,75,0,25,0,0,75,0
